Accident Number,Date and Time,Number of Motor Vehicles,Number of Injuries,Number of Fatalities,Property Damage,Hit and Run,Collision Type Description,Weather Description,Illumination Description,Street Address,City,State,Precinct,Lat,Long,HarmfulCodes,HarmfulDescriptions,ObjectId,Zip Code,RPA,Weather,IlluACCIDEmination,Collision Type,Reporting Officer,x,y
2008473471,7/14/2018 11:00:00 PM,2,2,0,,N,ANGLE,NO ADVERSE CONDITIONS,,28TH AVE N & JEFFERSON ST,NASHVILLE,TN,NORTH,36.1678515,-86.820759,,,1,37208,4525,1,1,4,225845,-9664842.6822,4323742.1271
2008787228,11/16/2018 9:33:00 AM,1,1,0,,N,NOT COLLISION W/MOTOR VEHICLE-TRANSPORT,NO ADVERSE CONDITIONS,,DR D B TODD JR BLVD & PEARL ST,NASHVILLE,TN,NORTH,36.1592612,-86.801016,,,2,37203,5401,1,3,0,475881,-9662644.9015,4322557.6537
2009131786,2/19/2019 10:42:00 PM,1,1,0,,N,HEAD-ON,NO ADVERSE CONDITIONS,,4953 ASHLAND CITY HWY,NASHVILLE,TN,,36.2101056,-86.910492,,,3,37218,3235,1,1,2,562528,-9674831.714,4329570.2242
2009418107,5/27/2019 9:00:00 PM,2,0,0,,Y,REAR END,NO ADVERSE CONDITIONS,,JEFFERSON ST & 1ST AV N,,TN,,36.166,-86.775,,,4,,4311,1,1,1,571315,-9659748.8136,4323486.8221
20120135824,3/8/2021 6:05:00 PM,2,1,0,,N,Front to Rear,CLEAR,DAYLIGHT,W TRINITY LN & E TRINITY LN,NASHVILLE,TN,EAST,36.20592,-86.76898,12,MOTOR VEHICLE IN TRANSPORT,5,37207,1863,21,1,11,473670,-9659078.6703,4328992.7652
20130207124,7/23/2019 3:46:00 PM,2,0,0,,N,Front to Rear,CLEAR,DAYLIGHT,MM 7 2 I 440,NASHVILLE,TN,SOUTH,36.12547,-86.73329,12,MOTOR VEHICLE IN TRANSPORT,6,37210,83043,21,1,11,716886,-9655105.6776,4317899.6131
20130311458,8/23/2023 1:00:00 PM,2,0,0,,N,SIDESWIPE - SAME DIRECTION,CLEAR,DAYLIGHT,MM 48 8 I 24,NASHVILLE,TN,CENTRA,36.16879,-86.76631,12,MOTOR VEHICLE IN TRANSPORT,7,37213,1104,21,1,5,834807,-9658781.4472,4323871.54
20131173280,12/22/2020 6:00:00 AM,,,,,,,,,,,,,,,,,8,,,,,,
20150316352,4/9/2018 2:19:00 AM,2,0,0,,Y,ANGLE,CLEAR,DARK - LIGHTED,MM 62 4 I 24,ANTIOCH,TN,SOUTH,36.01645,-86.62305,12;39,MOTOR VEHICLE IN TRANSPORT;WALL,9,37013,8806,21,3,4,110090,-9642833.817,4302885.1028
20150550257,7/23/2019 11:40:00 PM,2,1,0,,N,ANGLE,CLOUDY,DAYLIGHT,NOLENSVILLE PKE & HARRISON ST,NASHVILLE,TN,SOUTH,36.09856,-86.73893,12,MOTOR VEHICLE IN TRANSPORT,10,37211,8431,22,1,4,420040,-9655733.5196,4314191.5645
20170000819,1/1/2018 2:45:00 PM,1,1,0,Y,N,NOT COLLISION W/MOTOR VEHICLE-TRANSPORT,CLEAR,DAYLIGHT,OLD HICKORY BLVD & MARYDALE DR,NASHVILLE,TN,MADISO,36.27071,-86.76002,32,CULVERT,11,37207,2025,21,1,0,332253,-9658081.2476,4337934.8703
20170007441,1/3/2018 3:01:00 PM,2,0,0,,N,Front to Rear,CLEAR,DAYLIGHT,WEST END AV & PARK DR,NASHVILLE,TN,MIDTOW,36.13967,-86.81874,55,Motor Vehicle-In-Motion Outside Trafficw,12,37212,5817,21,1,11,544482,-9664617.9281,4319856.8066
20170020701,1/7/2018 1:44:00 PM,1,2,0,,N,NOT COLLISION W/MOTOR VEHICLE-TRANSPORT,CLEAR,DAYLIGHT,I24 E EXT RAMP & I 24,NASHVILLE,TN,NORTH,36.04589,-86.66055,1;24,GUARDRAIL FACE,13,37207,30080,21,1,0,474557,-9647008.2979,4306937.6039
20170035976,1/11/2018 11:59:00 PM,2,0,0,,N,ANGLE,CLOUDY,DARK - LIGHTED,LYNWOOD AV & 8TH AVS,NASHVILLE,TN,MIDTOW,36.13832,-86.7785,12,MOTOR VEHICLE IN TRANSPORT,14,37203,6941,22,3,4,191570,-9660138.4318,4319670.7202
20170132398,2/9/2018 7:27:00 PM,2,1,0,,N,ANGLE,CLEAR,DAYLIGHT,MCGAVOCK PKE & ARDEE AV,NASHVILLE,TN,EAST,36.20959,-86.71359,12,MOTOR VEHICLE IN TRANSPORT,15,37216,1449,21,1,4,224437,-9652912.6837,4329499.0887
20170170810,2/22/2018 12:50:00 AM,2,0,0,,N,SIDESWIPE - SAME DIRECTION,CLOUDY,DARK - LIGHTED,MM 54 8 I 24,NASHVILLE,TN,SOUTH,36.09703,-86.709,12,MOTOR VEHICLE IN TRANSPORT,16,37211,8812,22,3,5,633370,-9652401.7272,4313980.7772
20170243406,3/16/2018 12:27:00 PM,2,0,0,,N,ANGLE,CLEAR,DAYLIGHT,21ST AVN & MURPHY AV,NASHVILLE,TN,MIDTOW,36.15559,-86.80505,12,MOTOR VEHICLE IN TRANSPORT,17,37203,5507,21,1,4,544482,-9663093.9643,4322051.4899
20170433573,6/29/2019 9:45:00 PM,3,1,0,,N,Front to Rear,CLEAR,DAYLIGHT,SMITH SPRINGS RD & CLEARLAKE DRW,NASHVILLE,TN,HERMIT,36.08903,-86.61407,12,MOTOR VEHICLE IN TRANSPORT,18,37217,8929,21,1,11,256424,-9641834.1679,4312878.6879
20170467982,5/29/2018 2:30:00 AM,2,3,0,Y,N,ANGLE,CLEAR,DARK - LIGHTED,4TH AVS & I40 W EXT RAMP,NASHVILLE,TN,CENTRA,36.1509,-86.77064,12;30,MOTOR VEHICLE IN TRANSPORT;UTILITY POLE,19,37203,4007,21,3,4,240943,-9659263.4606,4321404.8943
20170728702,8/25/2018 10:12:00 AM,2,0,1,,N,HEAD-ON,CLEAR,DARK - NOT LIGHTED,MURFREESBORO PKE & PARKS RETREAT DR,ANTIOCH,TN,SOUTH,36.031,-86.59346,12,MOTOR VEHICLE IN TRANSPORT,20,37013,8869,21,2,2,345098,-9639539.8732,4304887.7631
20171074492,5/8/2018 6:45:00 PM,1,1,0,,N,UNKNOWN,CLEAR,DAYLIGHT,143 GORDON TER,NASHVILLE,TN,EAST,36.21101,-86.76008,99,UNKNOWN MOST HARMFUL EVENT,21,37207,1831,21,1,9,197047,-9658087.9268,4329695.0023
20180000079,1/1/2018 6:26:00 AM,2,0,0,,N,SIDESWIPE - SAME DIRECTION,CLEAR,DARK - LIGHTED,BROADWAY & 7TH AVN,NASHVILLE,TN,CENTRA,36.15941,-86.78091,12,MOTOR VEHICLE IN TRANSPORT,22,37203,4085,21,3,5,279117,-9660406.7118,4322578.1699
20180000088,1/1/2018 6:25:00 AM,3,0,0,,Y,SIDESWIPE - SAME DIRECTION,CLEAR,DARK - LIGHTED,COUGAR DR & WILCLAY DR,NASHVILLE,TN,WEST,36.1447,-86.87773,14;19;64,PARKED MOTOR VEHICLE;BUILDING;Ran Off Road-Left,23,37209,5023,21,3,5,226175,-9671184.6649,4320550.1791
20180000109,1/1/2018 6:39:00 AM,1,0,0,Y,Y,NOT COLLISION W/MOTOR VEHICLE-TRANSPORT,CLEAR,DARK - NOT LIGHTED,OLD HICKORY BLVD & WHITES CREEK PKE,WHITES CREEK,TN,NORTH,36.27024,-86.82298,30,UTILITY POLE,24,37189,3229,21,2,0,169413,-9665089.9228,4337869.9757
20180000167,1/1/2018 7:12:00 AM,2,1,0,,Y,UNKNOWN,CLEAR,DARK - LIGHTED,NOLENSVILLE PKE & HARDING PL,NASHVILLE,TN,SOUTH,36.0796,-86.72632,12,MOTOR VEHICLE IN TRANSPORT,25,37211,8445,21,3,9,212342,-9654329.7808,4311579.7443
20180000173,1/1/2018 7:00:00 AM,1,0,0,Y,Y,NOT COLLISION W/MOTOR VEHICLE-TRANSPORT,CLEAR,DARK - NOT LIGHTED,HIGHWAY 96 & LITTLE EAST FORK RD,NASHVILLE,TN,WEST,36.00129,-87.02289,38,FENCE,26,37221,4805,21,2,0,493301,-9687343.8022,4300798.8755
20180000174,1/1/2018 6:40:00 AM,1,0,0,,N,NOT COLLISION W/MOTOR VEHICLE-TRANSPORT,CLEAR,DARK - NOT LIGHTED,OLD HICKORY BLVD & WHITES CREEK PKE,WHITES CREEK,TN,NORTH,36.27021,-86.82301,18,OTHER OBJECT (NOT FIXED),27,37189,3229,21,2,0,156308,-9665093.2623,4337865.8335
20180000193,1/1/2018 7:25:00 AM,2,0,0,,N,ANGLE,CLEAR,DARK - LIGHTED,HAYWOOD LN & EZELL RD,NASHVILLE,TN,SOUTH,36.06959,-86.69391,12,MOTOR VEHICLE IN TRANSPORT,28,37211,8709,21,3,4,179606,-9650721.9161,4310201.0785
20180000200,1/1/2018 7:29:00 AM,3,3,0,,N,Front to Rear,CLEAR,DARK - LIGHTED,DICKERSON PKE & I65 N ENT RAMP,NASHVILLE,TN,EAST,36.23633,-86.75812,12;18,MOTOR VEHICLE IN TRANSPORT;OTHER OBJECT (NOT FIXED),29,37216,1805,21,3,11,151125,-9657869.7406,4333188.9316
20180000258,1/1/2018 7:45:00 AM,2,0,0,,N,,,,S 1ST ST & WOODLAND ST,NASHVILLE,TN,CENTRA,36.16905,-86.77224,,,30,37213,1133,,,,212335,-9659441.5718,4323907.3926
20180000302,1/1/2018 8:31:00 AM,2,1,0,,Y,Front to Rear,CLEAR,DARK - LIGHTED,UNA ANTIOCH PKE & RICHARDS RD,ANTIOCH,TN,SOUTH,36.06723,-86.66167,12,MOTOR VEHICLE IN TRANSPORT,31,37013,8861,21,3,11,279212,-9647132.9757,4309876.0639
20180000342,1/1/2018 6:00:00 AM,2,0,0,,N,Front to Rear,CLEAR,DARK - NOT LIGHTED,MM 217 6 I 40,NASHVILLE,TN,HERMIT,36.14157,-86.65372,12,MOTOR VEHICLE IN TRANSPORT,32,37214,94040,21,2,11,256444,-9646247.9857,4320118.7115
20180000391,1/1/2018 6:00:00 AM,1,0,0,Y,Y,NOT COLLISION W/MOTOR VEHICLE-TRANSPORT,CLEAR,DARK - LIGHTED,NORTHCREST DR & NORTHCREST COMMONS CIR,NASHVILLE,TN,MIDTOW,36.0663,-86.72194,1;64,Ran Off Road-Left,33,37211,8659,21,3,0,279200,-9653842.2014,4309747.9888
20180000455,1/1/2018 7:20:00 AM,2,0,0,,Y,SIDESWIPE - SAME DIRECTION,CLEAR,DARK - LIGHTED,MM 220 6 I 40,HERMITAGE,TN,HERMIT,36.16949,-86.60554,12,MOTOR VEHICLE IN TRANSPORT,34,37076,89042,21,3,5,728059,-9640884.6127,4323968.0664
20180000464,1/1/2018 6:49:00 AM,2,0,0,,N,ANGLE,CLEAR,DARK - LIGHTED,HOBBS RD & ESTES RD,NASHVILLE,TN,WEST,36.10303,-86.8383,12,MOTOR VEHICLE IN TRANSPORT,35,37215,6117,21,3,4,493301,-9666795.3374,4314807.4177
20180000535,1/1/2018 9:42:00 AM,2,0,0,,Y,SIDESWIPE - OPPOSITE DIRECTION,CLEAR,DARK - LIGHTED,14TH AVN & CHURCH ST,NASHVILLE,TN,MIDTOW,36.15793,-86.79161,12,MOTOR VEHICLE IN TRANSPORT,36,37203,5517,21,3,6,902543,-9661597.8303,4322374.1128
20180000538,1/1/2018 6:00:00 AM,1,0,0,,Y,NOT COLLISION W/MOTOR VEHICLE-TRANSPORT,CLEAR,DARK - NOT LIGHTED,MT VIEW RD & RURAL HILL RD,ANTIOCH,TN,SOUTH,36.05335,-86.65447,42;63,TREE;Ran Off Road-Right,37,37013,8871,21,2,0,192379,-9646331.4754,4307964.735
20180000556,1/1/2018 11:23:00 AM,2,2,0,,N,SIDESWIPE - OPPOSITE DIRECTION,CLEAR,DARK - LIGHTED,DICKERSON PKE & DICKERSON PKE ENT RAMP,MADISON,TN,MADISO,36.24196,-86.75708,13,MOTOR VEHICLE IN TRANSPORT-OTHER ROADWAY,38,37115,2009,21,3,6,109543,-9657753.9683,4333965.974
20180000594,1/1/2018 11:35:00 AM,1,0,0,,Y,NOT COLLISION W/MOTOR VEHICLE-TRANSPORT,CLEAR,DARK - LIGHTED,MM 48 7 I 24,NASHVILLE,TN,CENTRA,36.16929,-86.76661,43,OTHER FIXED OBJECTS,39,37213,1104,21,3,0,212335,-9658814.8431,4323940.4874
20180000638,1/1/2018 7:19:00 AM,2,0,0,,Y,ANGLE,CLEAR,DARK - LIGHTED,TRAVELERS INN DR & HARDING PL,NASHVILLE,TN,SOUTH,36.08492,-86.70344,12,MOTOR VEHICLE IN TRANSPORT,40,37211,8705,21,3,4,192379,-9651782.7908,4312312.5332
20180000761,1/1/2018 2:00:00 PM,2,0,0,,N,ANGLE,CLEAR,DAYLIGHT,MURFREESBORO PKE & MOUNTAIN SPRINGS RD,ANTIOCH,TN,SOUTH,36.04784,-86.61205,12,MOTOR VEHICLE IN TRANSPORT,41,37013,8927,21,1,4,591933,-9641609.3026,4307206.0805
20180000765,1/1/2018 2:10:00 PM,3,0,0,,N,Front to Rear,CLEAR,DAYLIGHT,I24 E ENT RAMP & I 24,NASHVILLE,TN,CENTRA,36.16484,-86.76433,12,MOTOR VEHICLE IN TRANSPORT,42,37213,1007,21,1,11,226673,-9658561.0346,4323326.8717
20180000805,1/1/2018 6:00:00 AM,1,0,0,Y,Y,NOT COLLISION W/MOTOR VEHICLE-TRANSPORT,UNKNOWN,UNKNOWN,BRILEY PKWY S EXT RAMP & BRILEY PKWYS,NASHVILLE,TN,HERMIT,36.11858,-86.7002,29,LUMINAIRE/LIGHT SUPPORT,43,37214,9209,99,9,0,226207,-9651422.1157,4316950.0883
20180000814,1/1/2018 6:00:00 AM,2,0,0,Y,Y,ANGLE,UNKNOWN,UNKNOWN,DRUID DR & HARTFORD DR,NASHVILLE,TN,SOUTH,36.11137,-86.73412,14,PARKED MOTOR VEHICLE,44,37211,8333,99,9,4,633367,-9655198.0728,4315956.5529
20180000875,1/1/2018 3:26:00 PM,3,1,0,,Y,ANGLE,CLEAR,DAYLIGHT,PEBBLE CREEK DR & CANYON RIDGE CT,ANTIOCH,TN,SOUTH,36.07104,-86.64856,12;14,MOTOR VEHICLE IN TRANSPORT;PARKED MOTOR VEHICLE,45,37013,8861,21,1,4,474557,-9645673.5772,4310400.7744
20180000904,1/1/2018 3:15:00 PM,1,0,0,Y,N,NOT COLLISION W/MOTOR VEHICLE-TRANSPORT,CLEAR,DAYLIGHT,4TH AVS & CARNEY ST,NASHVILLE,TN,SOUTH,36.13843,-86.76221,38;41,FENCE;SHRUBBERY,46,37210,8127,21,1,0,223502,-9658325.0373,4319685.8827
20180000938,1/1/2018 3:45:00 PM,1,0,0,Y,N,NOT COLLISION W/MOTOR VEHICLE-TRANSPORT,CLEAR,DAYLIGHT,FRANKLIN LIMESTONE RD & MULLEN CIR,NASHVILLE,TN,SOUTH,36.07913,-86.66923,32;34,CULVERT;DITCH,47,37217,8853,21,1,0,716886,-9647974.551,4311515.0078
20180000963,1/1/2018 6:15:00 PM,2,0,0,,N,,,,RICHLAND AV & BOWLING AV,NASHVILLE,TN,WEST,36.13608,-86.82527,,,48,37205,5249,,,,262766,-9665344.8444,4319361.9616
20180001120,1/1/2018 6:13:00 PM,2,0,0,,Y,ANGLE,CLEAR,DAYLIGHT,DOUGLAS AV & DICKERSON PKE,NASHVILLE,TN,EAST,36.1944,-86.77235,12,MOTOR VEHICLE IN TRANSPORT,49,37207,1911,21,1,4,256428,-9659453.8169,4327403.5877
20180001208,1/1/2018 7:30:00 PM,2,0,0,,N,ANGLE,CLEAR,DAYLIGHT,APACHE TRL & VILLAS OF BAVARIA PVTDR,NASHVILLE,TN,SOUTH,36.06678,-86.68775,12,MOTOR VEHICLE IN TRANSPORT,50,37211,8709,21,1,4,716886,-9650036.188,4309814.0919
20180001219,1/1/2018 7:35:00 PM,2,0,0,,N,,,,FRANKLIN PKE & OLD HICKORY BLVD,BRENTWOOD,TN,MIDTOW,36.03766,-86.78651,,,51,37027,7111,,,,420059,-9661030.1009,4305804.5681
20180001231,1/1/2018 7:43:00 PM,2,0,0,,N,Front to Rear,CLEAR,DAYLIGHT,ANDREW JACKSON PKWY & WEBER RD,HERMITAGE,TN,HERMIT,36.19629,-86.60853,12,MOTOR VEHICLE IN TRANSPORT,52,37076,9509,21,1,11,226207,-9641217.458,4327664.2961
20180001237,1/1/2018 7:47:00 PM,2,0,0,,N,ANGLE,CLEAR,DAYLIGHT,GALLATIN PKEN & RIVERGATE MARKETPLACE PV,MADISON,TN,MADISO,36.30385,-86.69025,12,MOTOR VEHICLE IN TRANSPORT,53,37115,1731,21,1,4,279223,-9650314.4867,4342511.6132
20180001244,1/1/2018 7:51:00 PM,2,0,0,,N,Front to Rear,CLEAR,DAYLIGHT,ANDREW JACKSON PKWY & OLD HICKORY BLVD,HERMITAGE,TN,HERMIT,36.18389,-86.61051,12,MOTOR VEHICLE IN TRANSPORT,54,37076,9561,21,1,11,262757,-9641437.8705,4325953.9431
20180001259,1/5/2018 12:34:00 AM,2,1,0,,N,SIDESWIPE - SAME DIRECTION,CLEAR,DAYLIGHT,OLD HICKORY BLVD & CENTRAL PKE,HERMITAGE,TN,HERMIT,36.17323,-86.60206,12,MOTOR VEHICLE IN TRANSPORT,55,37076,9557,21,1,5,256371,-9640497.2208,4324483.8076
20180001276,1/1/2018 8:24:00 PM,2,0,0,,Y,ANGLE,CLEAR,DAYLIGHT,ELLISTON PL & 24TH AVN,NASHVILLE,TN,MIDTOW,36.14866,-86.80704,12,MOTOR VEHICLE IN TRANSPORT,56,37203,5615,21,1,4,584947,-9663315.4901,4321096.0862
20180001278,1/1/2018 8:25:00 PM,2,1,0,,N,Front to Rear,CLEAR,DAYLIGHT,353 HARDING PL,NASHVILLE,TN,SOUTH,36.08441,-86.70509,12,MOTOR VEHICLE IN TRANSPORT,57,37211,8705,21,1,11,279230,-9651966.468,4312242.2825
20180001314,1/1/2018 9:10:00 PM,2,0,0,,N,Front to Rear,CLEAR,DAYLIGHT,WOODLAND ST & N 14TH ST,NASHVILLE,TN,EAST,36.17715,-86.74577,12,MOTOR VEHICLE IN TRANSPORT,58,37206,1239,21,1,11,151130,-9656494.9449,4325024.397
20180001362,1/1/2018 6:00:00 AM,2,0,0,,Y,SIDESWIPE - SAME DIRECTION,CLOUDY,DAYLIGHT,MURFREESBORO PKE & BELL RD,ANTIOCH,TN,SOUTH,36.07231,-86.63661,55,Motor Vehicle-In-Motion Outside Trafficw,59,37013,8861,22,1,5,197056,-9644343.3093,4310575.6836
20180001461,1/1/2018 10:00:00 PM,1,0,0,,N,NOT COLLISION W/MOTOR VEHICLE-TRANSPORT,CLEAR,DAYLIGHT,BELL RD & HARBOR LIGHTS DR,NASHVILLE,TN,HERMIT,36.0949,-86.62488,24,GUARDRAIL FACE,60,37217,8987,21,1,0,240967,-9643037.5316,4313687.3349
20180001557,1/1/2018 10:42:00 PM,1,0,0,,N,NOT COLLISION W/MOTOR VEHICLE-TRANSPORT,CLEAR,DUSK,HIGHWAY 100 & HIGHWAY 96,NASHVILLE,TN,WEST,36.01543,-87.03676,50,DEER (ANIMAL),61,37221,4805,21,5,0,596389,-9688887.8035,4302744.724
20180001599,1/1/2018 6:00:00 AM,2,1,0,,N,ANGLE,CLEAR,DARK - LIGHTED,28TH AVN & CHARLOTTE AV,NASHVILLE,TN,MIDTOW,36.15396,-86.81822,12,MOTOR VEHICLE IN TRANSPORT,62,37209,5341,21,3,4,197070,-9664560.042,4321826.7625
20180001626,1/1/2018 11:03:00 PM,2,0,0,,N,ANGLE,CLEAR,DUSK,8TH AVS & EAST ARGYLE AV,NASHVILLE,TN,MIDTOW,36.13588,-86.77895,12,MOTOR VEHICLE IN TRANSPORT,63,37203,6901,21,5,4,240957,-9660188.5256,4319334.3943
20180001639,1/1/2018 11:12:00 PM,2,0,0,,N,,,,MM 95 3 I 65,GOODLETTSVILLE,TN,MADISO,36.3021,-86.70996,,,64,37072,2104,,,,151132,-9652508.5939,4342269.8838
20180001684,1/1/2018 6:00:00 AM,2,0,0,,N,ANGLE,CLOUDY,DARK - LIGHTED,ANDERSON RD & CREEKVIEW DR,ANTIOCH,TN,SOUTH,36.074,-86.62487,12,MOTOR VEHICLE IN TRANSPORT,65,37013,8979,22,3,4,197056,-9643036.4184,4310808.4411
20180001744,1/1/2018 11:50:00 PM,2,0,0,,N,HEAD-ON,CLEAR,DARK - LIGHTED,DUE WEST AVW & S GRAYCROFT AV,MADISON,TN,MADISO,36.24919,-86.73446,12,MOTOR VEHICLE IN TRANSPORT,66,37115,1799,21,3,2,240979,-9655235.9214,4334963.9277
20180001789,1/2/2018 12:05:00 AM,2,2,0,,N,Front to Rear,CLEAR,DARK - LIGHTED,DICKERSON PKE & DICKERSON PKE ENT RAMP,MADISON,TN,MADISO,36.24196,-86.75708,12,MOTOR VEHICLE IN TRANSPORT,67,37115,2009,21,3,11,151132,-9657753.9683,4333965.974
20180001801,1/2/2018 12:10:00 AM,1,0,0,Y,N,NOT COLLISION W/MOTOR VEHICLE-TRANSPORT,CLOUDY,DARK - LIGHTED,I24 W EXT RAMP & BRILEY PKWYE,NASHVILLE,TN,MADISO,36.23812,-86.78303,24,GUARDRAIL FACE,68,37207,2012,22,3,0,109550,-9660642.7091,4333435.9781
20180001867,1/2/2018 12:27:00 AM,2,0,0,,N,SIDESWIPE - SAME DIRECTION,CLEAR,DARK - LIGHTED,HARDING PL & SIDCO DR,NASHVILLE,TN,MIDTOW,36.0821,-86.7617,12,MOTOR VEHICLE IN TRANSPORT,69,37220,8601,21,3,5,909485,-9658268.2644,4311924.0938
20180002033,1/2/2018 1:30:00 AM,2,0,0,,Y,Front to Rear,CLEAR,DARK - LIGHTED,OLD HICKORY BLVD & ANDREW JACKSON WAY,HERMITAGE,TN,HERMIT,36.18097,-86.6066,12,MOTOR VEHICLE IN TRANSPORT,70,37076,9561,21,3,11,807332,-9641002.6113,4325551.2219
20180002069,1/2/2018 1:00:00 AM,1,0,0,Y,Y,NOT COLLISION W/MOTOR VEHICLE-TRANSPORT,CLEAR,DARK - LIGHTED,TUSCULUM RD & LUKER LN,ANTIOCH,TN,SOUTH,36.05393,-86.69121,40,MAIL BOX,71,37013,8713,21,3,0,240943,-9650421.3535,4308044.5965
20180002161,1/2/2018 1:20:00 AM,2,0,0,,Y,ANGLE,CLEAR,DARK - LIGHTED,MILL CREEK WHITTEMORE GRNWY & MILL CREEK,ANTIOCH,TN,SOUTH,36.04242,-86.71165,12,MOTOR VEHICLE IN TRANSPORT,72,37013,8757,21,3,4,256374,-9652696.7238,4306459.8696
20180002191,1/2/2018 1:00:00 AM,2,0,0,,N,SIDESWIPE - SAME DIRECTION,CLEAR,DARK - NOT LIGHTED,JACKSONS VIEW RD & JACKSONS VALLEY RD,HERMITAGE,TN,HERMIT,36.18646,-86.60346,14,PARKED MOTOR VEHICLE,73,37076,9559,21,2,5,807332,-9640653.0681,4326308.4053
20180002198,1/2/2018 2:38:00 AM,2,0,0,,N,,,,OLD HICKORY BLVD & HIGHWAY 70S,NASHVILLE,TN,WEST,36.07469,-86.92096,,,74,37221,4901,,,,596389,-9675997.0065,4310903.4737
20180002383,1/2/2018 4:11:00 AM,2,0,0,,N,ANGLE,CLEAR,DARK - NOT LIGHTED,W TRINITY LN & SCRUGGS LN,NASHVILLE,TN,NORTH,36.20695,-86.78219,12,MOTOR VEHICLE IN TRANSPORT,75,37207,3009,21,2,4,524985,-9660549.2007,4329134.8645
20180002412,1/2/2018 4:27:00 AM,1,0,0,,N,NOT COLLISION W/MOTOR VEHICLE-TRANSPORT,CLEAR,DARK - NOT LIGHTED,MM 75 2 I 65,BRENTWOOD,TN,MIDTOW,36.0466,-86.77696,7,,76,37027,71040,21,2,0,163667,-9659966.9998,4307035.3561
20180002494,1/2/2018 4:20:00 AM,1,0,0,Y,Y,NOT COLLISION W/MOTOR VEHICLE-TRANSPORT,CLEAR,DARK - NOT LIGHTED,NOLENSVILLE PKE & OCALA DR,NASHVILLE,TN,MIDTOW,36.05151,-86.71436,34;40,DITCH;MAIL BOX,77,37211,8655,21,2,0,212321,-9652998.3997,4307711.3853
20180002603,1/2/2018 5:59:00 AM,2,0,0,,Y,Front to Rear,CLEAR,DARK - LIGHTED,HAYWOOD LN & ANTIOCH PKE,NASHVILLE,TN,SOUTH,36.07029,-86.68454,12,MOTOR VEHICLE IN TRANSPORT,78,37211,8851,21,3,11,468098,-9649678.8524,4310297.483
20180002714,1/2/2018 6:51:00 AM,1,0,0,,Y,NOT COLLISION W/MOTOR VEHICLE-TRANSPORT,CLEAR,DARK - LIGHTED,PATTON HILL RD & VILLAGE TRL,NASHVILLE,TN,MADISO,36.24857,-86.77254,42,TREE,79,37207,2027,21,3,0,179583,-9659474.9676,4334878.3458
20180002974,1/2/2018 8:45:00 AM,1,1,0,,N,NOT COLLISION W/MOTOR VEHICLE-TRANSPORT,CLEAR,DARK - LIGHTED,SHADY LN & SKYVIEW DR,NASHVILLE,TN,EAST,36.18117,-86.73133,42;63,TREE;Ran Off Road-Right,80,37206,1233,21,3,0,279198,-9654887.4914,4325578.8051
20180003150,1/2/2018 10:00:00 AM,2,0,0,,Y,Front to Rear,CLEAR,DARK - LIGHTED,709 5TH AVS,NASHVILLE,TN,CENTRA,36.15213,-86.77299,14,PARKED MOTOR VEHICLE,81,37203,4027,21,3,11,191573,-9659525.0614,4321574.4668
20180003471,1/2/2018 12:00:00 PM,1,0,0,,N,NOT COLLISION W/MOTOR VEHICLE-TRANSPORT,CLEAR,DARK - LIGHTED,MURFREESBORO PKE & OLD MURFREESBORO PKE,NASHVILLE,TN,SOUTH,36.10446,-86.66893,18;34;7,OTHER OBJECT (NOT FIXED);DITCH,82,37217,8849,21,3,0,267339,-9647941.1552,4315004.443
20180003478,1/2/2018 12:15:00 PM,1,0,0,Y,N,NOT COLLISION W/MOTOR VEHICLE-TRANSPORT,CLEAR,DAYLIGHT,GREER RD & GREER RD PVTDR,GOODLETTSVILLE,TN,MADISO,36.35657,-86.77866,32;40,CULVERT;MAIL BOX,83,37072,2203,21,1,0,279213,-9660156.2429,4349796.4286
20180003521,1/2/2018 12:55:00 PM,2,0,0,,N,Front to Rear,CLEAR,DAYLIGHT,OLD HICKORY BLVD & SEVEN SPRINGS WAY,BRENTWOOD,TN,MIDTOW,36.04028,-86.76837,12,MOTOR VEHICLE IN TRANSPORT,84,37027,8619,21,1,11,462474,-9659010.7654,4306165.2543
20180003623,1/2/2018 1:55:00 PM,3,0,0,,N,Front to Rear,CLEAR,DAYLIGHT,MM 205 6 I 40,NASHVILLE,TN,WEST,36.15551,-86.82837,12,MOTOR VEHICLE IN TRANSPORT,85,37209,5228,21,1,11,226622,-9665689.9348,4322040.4602
20180003647,1/2/2018 2:01:00 PM,2,0,0,,N,Front to Rear,CLEAR,DAYLIGHT,MURFREESBORO PKE & DELL PKWY,NASHVILLE,TN,SOUTH,36.10779,-86.67687,12,MOTOR VEHICLE IN TRANSPORT,86,37217,8841,21,1,11,226207,-9648825.032,4315463.2641
20180003678,1/2/2018 2:05:00 PM,2,0,0,Y,Y,SIDESWIPE - OPPOSITE DIRECTION,CLEAR,DAYLIGHT,PREMIER DR & MERCOMATIC DR,NASHVILLE,TN,WEST,36.14682,-86.87657,12;40,MOTOR VEHICLE IN TRANSPORT;MAIL BOX,87,37209,5023,21,1,6,405391,-9671055.5343,4320842.429
20180003682,1/2/2018 1:58:00 PM,1,0,0,Y,N,NOT COLLISION W/MOTOR VEHICLE-TRANSPORT,CLEAR,DAYLIGHT,DICKERSON PKE & GRACE ST,NASHVILLE,TN,EAST,36.18358,-86.77382,30,UTILITY POLE,88,37207,1963,21,1,0,902543,-9659617.4566,4325911.1877
20180003696,1/2/2018 2:23:00 PM,2,1,0,,N,NOT COLLISION W/MOTOR VEHICLE-TRANSPORT,CLEAR,DAYLIGHT,MM 212 4 I 40,NASHVILLE,TN,HERMIT,36.14414,-86.73894,16;29;72,THROWN OR FALLING OBJECT;LUMINAIRE/LIGHT SUPPORT;EMBANKMENT ROCK/STONE/CONCRETE,89,37210,82060,21,1,0,191578,-9655734.6327,4320472.9824
20180003777,1/2/2018 2:59:00 PM,2,0,0,Y,N,SIDESWIPE - SAME DIRECTION,CLEAR,DAYLIGHT,ELLINGTON PKWYN & ELLINGTON PKWYS,NASHVILLE,TN,EAST,36.17917,-86.76285,12;24,MOTOR VEHICLE IN TRANSPORT;GUARDRAIL FACE,90,37216,1890,21,1,5,571316,-9658396.2818,4325302.9766
20180003819,1/2/2018 3:11:00 PM,2,0,0,,N,ANGLE,CLEAR,DAYLIGHT,CHARLOTTE AV & 14TH AVN,NASHVILLE,TN,MIDTOW,36.16076,-86.79369,12,MOTOR VEHICLE IN TRANSPORT,91,37203,5501,21,1,4,594473,-9661829.3749,4322764.3064
20180003865,1/2/2018 3:31:00 PM,1,0,0,Y,N,NOT COLLISION W/MOTOR VEHICLE-TRANSPORT,CLEAR,DAYLIGHT,2909 ELM HILL PKE,NASHVILLE,TN,HERMIT,36.14472,-86.6577,40,MAIL BOX,92,37214,9411,21,1,0,299254,-9646691.0373,4320552.9362
20180003887,1/2/2018 3:00:00 PM,2,0,0,,N,SIDESWIPE - SAME DIRECTION,CLEAR,DAYLIGHT,3RD AVN & COMMERCE ST,NASHVILLE,TN,CENTRA,36.16345,-86.77722,14,PARKED MOTOR VEHICLE,93,37201,4105,21,1,5,224953,-9659995.9429,4323135.2101
20180003912,1/2/2018 3:45:00 PM,1,0,0,Y,N,NOT COLLISION W/MOTOR VEHICLE-TRANSPORT,CLEAR,DAYLIGHT,BERKLEY DR & BARRY DR,MADISON,TN,MADISO,36.24636,-86.71825,24,GUARDRAIL FACE,94,37115,1519,21,1,0,420035,-9653431.4325,4334573.2931
20180003935,1/2/2018 3:51:00 PM,2,0,0,,N,ANGLE,CLEAR,DAYLIGHT,I40 E ENT RAMP & BROADWAY,NASHVILLE,TN,MIDTOW,36.15565,-86.78972,12,MOTOR VEHICLE IN TRANSPORT,95,37203,5701,21,1,4,630627,-9661387.4365,4322059.7621
20180003937,1/2/2018 3:55:00 PM,2,0,0,,N,Front to Rear,CLEAR,DAYLIGHT,NOLENSVILLE PKE & OLD HICKORY BLVD,NASHVILLE,TN,SOUTH,36.04645,-86.71339,12,MOTOR VEHICLE IN TRANSPORT,96,37211,8717,21,1,11,298878,-9652890.4198,4307014.7042
20180003946,1/2/2018 3:58:00 PM,2,0,0,,Y,ANGLE,CLEAR,DAYLIGHT,LERA JONES DR & OWENDALE DR,NASHVILLE,TN,HERMIT,36.07982,-86.62171,12,MOTOR VEHICLE IN TRANSPORT,97,37217,8981,21,1,4,137982,-9642684.6488,4311610.0466
20180003977,1/2/2018 4:12:00 PM,2,0,0,,N,ANGLE,CLEAR,DAYLIGHT,ANTIOCH PKE & HAYWOOD LN,ANTIOCH,TN,SOUTH,36.07001,-86.68437,12,MOTOR VEHICLE IN TRANSPORT,98,37013,8899,21,1,4,716886,-9649659.9281,4310258.9211
20180004094,1/2/2018 4:59:00 PM,2,0,0,,N,ANGLE,CLEAR,DAYLIGHT,MURFREESBORO PKE & EZELL PKE,NASHVILLE,TN,SOUTH,36.10562,-86.6718,12,MOTOR VEHICLE IN TRANSPORT,99,37217,8849,21,1,4,225805,-9648260.6421,4315164.2704
20180004104,1/2/2018 5:00:00 PM,2,0,0,,N,Front to Rear,CLEAR,DAYLIGHT,W LONGDALE DR & E LONGDALE DR,NASHVILLE,TN,MIDTOW,36.07773,-86.74589,14,PARKED MOTOR VEHICLE,100,37211,8605,21,1,11,226136,-9656508.3032,4311322.178
20180004128,1/1/2018 6:00:00 AM,2,0,0,,Y,UNKNOWN,UNKNOWN,UNKNOWN,ROYAL OAKS CONDOS PVTDR & WOODMONT BLVD,NASHVILLE,TN,WEST,36.12331,-86.84773,14,PARKED MOTOR VEHICLE,101,37205,6101,99,9,9,343522,-9667845.0802,4317601.9302
20180004205,1/2/2018 5:40:00 PM,2,0,0,,N,SIDESWIPE - SAME DIRECTION,CLEAR,DAYLIGHT,WEST END AV & 25TH AVS,NASHVILLE,TN,MIDTOW,36.14697,-86.80836,12,MOTOR VEHICLE IN TRANSPORT,102,37212,5717,21,1,5,226136,-9663462.4318,4320863.1073
20180004225,1/2/2018 5:39:00 PM,2,0,0,,N,SIDESWIPE - SAME DIRECTION,SEVERE CROSSWIND,DAYLIGHT,MM 34 8 I 24,JOELTON,TN,NORTH,36.32436,-86.87102,12,MOTOR VEHICLE IN TRANSPORT,103,37080,33160,10,1,5,414668,-9670437.7111,4345345.0859
20180004227,1/2/2018 5:45:00 PM,2,0,0,,N,ANGLE,CLEAR,DAYLIGHT,HART LN & WHITNEY PARK DR,NASHVILLE,TN,EAST,36.22052,-86.75373,12,MOTOR VEHICLE IN TRANSPORT,104,37207,1887,21,1,4,714648,-9657381.048,4331007.163
20180004249,1/2/2018 6:00:00 PM,2,0,0,,N,ANGLE,CLEAR,DAYLIGHT,DAVIDSON RD & POST RD,NASHVILLE,TN,WEST,36.11525,-86.86278,12,MOTOR VEHICLE IN TRANSPORT,105,37205,5001,21,1,4,226622,-9669520.4385,4316491.2042
20180004285,1/2/2018 6:03:00 PM,2,0,0,,N,,,,GALLATIN AV & EASTLAND AV,NASHVILLE,TN,EAST,36.18402,-86.74828,,,106,37206,1243,,,,468030,-9656774.3568,4325971.8728
20180004315,1/2/2018 5:57:00 PM,2,0,0,,Y,SIDESWIPE - SAME DIRECTION,CLEAR,DAYLIGHT,MURFREESBORO PKE & UNA ANTIOCH PKE,NASHVILLE,TN,HERMIT,36.08583,-86.64808,12;33;63,MOTOR VEHICLE IN TRANSPORT;CURB;Ran Off Road-Right,107,37217,8937,21,1,5,267339,-9645620.1438,4312437.8837
20180004359,1/2/2018 7:00:00 PM,2,0,0,,Y,ANGLE,CLEAR,DAYLIGHT,NOLENSVILLE PKE & ANTIOCH PKE,NASHVILLE,TN,SOUTH,36.10183,-86.74058,12,MOTOR VEHICLE IN TRANSPORT,108,37211,8427,21,1,4,716886,-9655917.1967,4314642.0845
20180004381,1/2/2018 6:31:00 PM,2,0,0,,Y,SIDESWIPE - SAME DIRECTION,CLEAR,DAYLIGHT,MM 211 8 I 40,NASHVILLE,TN,HERMIT,36.14876,-86.74636,12,MOTOR VEHICLE IN TRANSPORT,109,37210,90022,21,1,5,191578,-9656560.6234,4321109.8721
20180004412,1/2/2018 6:11:00 PM,2,0,0,,Y,Front to Rear,CLEAR,DAYLIGHT,HIGHWAY 70S & HICKS RD,NASHVILLE,TN,WEST,36.07394,-86.92541,12,MOTOR VEHICLE IN TRANSPORT,110,37221,4811,21,1,11,226622,-9676492.3782,4310800.1774
20180004418,1/2/2018 7:01:00 PM,2,0,0,,N,ANGLE,CLEAR,DAYLIGHT,CHARLOTTE PKE & OCEOLA AV,NASHVILLE,TN,WEST,36.14967,-86.85993,12,MOTOR VEHICLE IN TRANSPORT,111,37209,5025,21,1,4,267831,-9669203.1779,4321235.3245
20180004446,1/2/2018 6:48:00 PM,2,0,0,,N,Front to Rear,CLEAR,DAYLIGHT,OLD HICKORY BLVD & LEBANON PKE,OLD HICKORY,TN,HERMIT,36.19862,-86.62032,12,MOTOR VEHICLE IN TRANSPORT,112,37138,9739,21,1,11,137982,-9642529.9148,4327985.7071
20180004453,1/2/2018 7:15:00 PM,1,1,0,,N,NOT COLLISION W/MOTOR VEHICLE-TRANSPORT,CLEAR,DAYLIGHT,BLAIR BLVD & 21ST AVS,NASHVILLE,TN,MIDTOW,36.13045,-86.80249,8,PEDESTRIAN,113,37212,5909,21,1,0,226136,-9662808.9864,4318585.9688
20180004474,1/2/2018 7:21:00 PM,2,0,0,,N,SIDESWIPE - SAME DIRECTION,CLEAR,DAYLIGHT,BELL RD & HICKORY HOLLOW MALL PVTDR PL,ANTIOCH,TN,SOUTH,36.04941,-86.65134,12,MOTOR VEHICLE IN TRANSPORT,114,37013,8863,21,1,5,225805,-9645983.0454,4307422.2434
20180004555,1/2/2018 8:00:00 PM,2,0,0,,N,ANGLE,CLEAR,DAYLIGHT,I24 E ENT RAMP & I 24,NASHVILLE,TN,CENTRA,36.06644,-86.68662,12,MOTOR VEHICLE IN TRANSPORT,115,37213,1007,21,1,4,716886,-9649910.397,4309767.2689
20180004593,1/2/2018 7:51:00 PM,2,0,0,,Y,SIDESWIPE - SAME DIRECTION,CLEAR,DAYLIGHT,GALLATIN PKES & MAPLE ST,MADISON,TN,MADISO,36.26124,-86.71253,12,MOTOR VEHICLE IN TRANSPORT,116,37115,1607,21,1,5,493304,-9652794.685,4336627.389
20180004641,1/2/2018 8:05:00 PM,2,0,0,,Y,Front to Rear,CLEAR,DAYLIGHT,LEBANON PKE & MCGAVOCK PKE,NASHVILLE,TN,HERMIT,36.16936,-86.67989,12,MOTOR VEHICLE IN TRANSPORT,117,37214,9201,21,1,11,137982,-9649161.2168,4323950.14
20180004655,1/2/2018 8:35:00 PM,2,0,0,,N,REAR-TO-REAR,CLEAR,DAYLIGHT,MURFREESBORO PKE & PINEWAY DR,NASHVILLE,TN,SOUTH,36.11178,-86.69257,12,MOTOR VEHICLE IN TRANSPORT,118,37217,8835,21,1,3,226095,-9650572.748,4316013.0483
20180004698,1/2/2018 6:00:00 AM,2,0,0,,Y,OTHER,CLEAR,DARK - LIGHTED,NUBELL ST & 23RD AVN,NASHVILLE,TN,NORTH,36.18869,-86.8141,14,PARKED MOTOR VEHICLE,119,37208,4489,21,3,98,197070,-9664101.4057,4326615.9831
20180004701,1/2/2018 8:40:00 PM,3,0,0,,N,Front to Rear,CLEAR,DAYLIGHT,HARDING PL & HUMBER DR,NASHVILLE,TN,SOUTH,36.08114,-86.71533,12,MOTOR VEHICLE IN TRANSPORT,120,37211,8705,21,1,11,716886,-9653106.3796,4311791.8623
20180004714,1/2/2018 8:55:00 PM,2,1,0,,N,Front to Rear,CLEAR,DAYLIGHT,MM 54 3 I 24,NASHVILLE,TN,SOUTH,36.10314,-86.71453,12,MOTOR VEHICLE IN TRANSPORT,121,37211,84020,21,1,11,256414,-9653017.324,4314822.5734
20180004722,1/2/2018 9:02:00 PM,2,1,0,,N,Front to Rear,CLEAR,DAYLIGHT,RECOVERY RD & HARDING PL,NASHVILLE,TN,SOUTH,36.0804,-86.71793,12,MOTOR VEHICLE IN TRANSPORT,122,37211,8705,21,1,11,240970,-9653395.8102,4311689.9349
20180004727,1/2/2018 9:06:00 PM,1,1,0,,N,NOT COLLISION W/MOTOR VEHICLE-TRANSPORT,CLEAR,DAYLIGHT,BENJAMIN ST & SCOTT AV,NASHVILLE,TN,EAST,36.18617,-86.73404,30,UTILITY POLE,123,37206,1345,21,1,0,197047,-9655189.1672,4326268.407
20180004729,1/2/2018 8:35:00 PM,2,0,0,,N,ANGLE,CLEAR,DAYLIGHT,KENNER AV & RIDGEFIELD DR,NASHVILLE,TN,WEST,36.12401,-86.84472,12,MOTOR VEHICLE IN TRANSPORT,124,37205,6021,21,1,4,414711,-9667510.0085,4317698.4006
20180004730,1/2/2018 9:06:00 PM,2,0,0,,N,ANGLE,CLEAR,DAYLIGHT,DICKERSON PKE & MAPLEWOOD TRC,NASHVILLE,TN,EAST,36.23314,-86.75866,12,MOTOR VEHICLE IN TRANSPORT,125,37216,1805,21,1,4,197435,-9657929.8531,4332748.6784
20180004740,1/3/2019 1:51:00 AM,2,0,0,,Y,ANGLE,RAIN,DARK - LIGHTED,HARDING PL & SEVEN MILE CREEK HARDING MA,NASHVILLE,TN,SOUTH,36.07985,-86.72538,12,MOTOR VEHICLE IN TRANSPORT,126,37211,8705,2,3,4,279124,-9654225.1405,4311614.1787
20180004758,1/2/2018 9:10:00 PM,2,0,0,,N,Front to Rear,CLEAR,DAYLIGHT,LEBANON PKE & SHUTE LN,HERMITAGE,TN,HERMIT,36.21513,-86.60274,12,MOTOR VEHICLE IN TRANSPORT,127,37076,9535,21,1,11,179604,-9640572.9181,4330263.4477
20180004776,1/2/2018 9:40:00 PM,2,0,0,,N,Front to Rear,CLEAR,DAYLIGHT,I24 W EXT RAMP & I 24,NASHVILLE,TN,SOUTH,36.08646,-86.69869,12,MOTOR VEHICLE IN TRANSPORT,128,37211,8829,21,1,11,240943,-9651254.0232,4312524.6656
20180004786,1/2/2018 9:28:00 PM,2,0,0,,N,SIDESWIPE - SAME DIRECTION,CLEAR,DAYLIGHT,8TH AVS & BROADWAY,NASHVILLE,TN,CENTRA,36.15889,-86.78211,12,MOTOR VEHICLE IN TRANSPORT,129,37203,4085,21,1,5,212315,-9660540.2952,4322506.4737
20180004789,1/2/2018 9:10:00 PM,2,0,0,,N,,,,MM 82 2 I 65,NASHVILLE,TN,MIDTOW,36.14548,-86.7775,,,130,37203,6804,,,,212318,-9660027.1123,4320657.7041
20180004819,1/2/2018 9:37:00 PM,2,0,0,,N,SIDESWIPE - SAME DIRECTION,CLEAR,DAYLIGHT,RIVERGATE MARKETPLACE PVTDR & GALLATIN P,MADISON,TN,MADISO,36.30275,-86.69185,12,MOTOR VEHICLE IN TRANSPORT,131,37115,1731,21,1,5,151132,-9650492.5979,4342359.6684
20180004838,1/2/2018 9:40:00 PM,2,0,0,,N,,,,WHARF AV & LAFAYETTE ST,NASHVILLE,TN,SOUTH,36.14866,-86.7625,,,132,37210,8147,,,,256426,-9658357.32,4321096.0862
20180004849,1/2/2018 9:47:00 PM,3,1,0,,N,ANGLE,CLEAR,DAYLIGHT,HARDING PL & SIDCO DR,NASHVILLE,TN,MIDTOW,36.0821,-86.7617,12,MOTOR VEHICLE IN TRANSPORT,133,37220,8601,21,1,4,298874,-9658268.2644,4311924.0938
20180004853,1/2/2018 9:48:00 PM,2,1,0,,N,ANGLE,CLEAR,DAYLIGHT,MURFREESBORO PKE & ARLINGTON AV,NASHVILLE,TN,SOUTH,36.13905,-86.73301,12,MOTOR VEHICLE IN TRANSPORT,134,37210,8159,21,1,4,137982,-9655074.5082,4319771.3443
20180004862,1/2/2018 6:00:00 AM,2,2,0,,N,SIDESWIPE - OPPOSITE DIRECTION,CLEAR,DAYLIGHT,BAPTIST WORLD CENTER DR & WEAKLEY AV,NASHVILLE,TN,NORTH,36.19643,-86.78255,12,MOTOR VEHICLE IN TRANSPORT,135,37207,3001,21,1,6,197070,-9660589.2757,4327683.6081
20180004869,1/2/2018 9:54:00 PM,2,0,0,,N,SIDESWIPE - SAME DIRECTION,CLEAR,DAYLIGHT,HARDING PL & SIDCO DR,NASHVILLE,TN,MIDTOW,36.0821,-86.7617,12,MOTOR VEHICLE IN TRANSPORT,136,37220,8601,21,1,5,240957,-9658268.2644,4311924.0938
20180004904,1/2/2018 10:06:00 PM,2,1,0,,Y,Front to Rear,CLEAR,DAYLIGHT,MM 211 0 I 40,NASHVILLE,TN,HERMIT,36.15437,-86.75978,12,MOTOR VEHICLE IN TRANSPORT,137,37210,82020,21,1,11,279225,-9658054.5309,4321883.2886
20180004927,1/2/2018 10:14:00 PM,2,0,0,,N,,,,MM 78 4 I 65,NASHVILLE,TN,MIDTOW,36.09163,-86.76275,,,138,37204,8502,,,,256505,-9658385.1498,4313236.8546
20180004975,1/2/2018 10:27:00 PM,3,1,0,,N,Front to Rear,CLEAR,DAYLIGHT,MM 218 0 I 40,NASHVILLE,TN,HERMIT,36.14128,-86.66719,12,MOTOR VEHICLE IN TRANSPORT,139,37217,89020,21,1,11,197054,-9647747.4593,4320078.7361
20180004986,1/2/2018 10:30:00 PM,2,0,0,,N,ANGLE,CLEAR,DAYLIGHT,WEST END AV & ACKLEN PARK DR,NASHVILLE,TN,MIDTOW,36.14074,-86.81757,12,MOTOR VEHICLE IN TRANSPORT,140,37203,5627,21,1,4,134869,-9664487.6843,4320004.2996
20180005000,1/2/2018 6:00:00 AM,2,0,0,,N,Front to Rear,CLEAR,DAYLIGHT,ROSA L PARKS BLVD & GREAT CIRCLE RD,NASHVILLE,TN,NORTH,36.19359,-86.80618,12,MOTOR VEHICLE IN TRANSPORT,141,37228,4443,21,1,11,197070,-9663219.7553,4327291.8574
20180005040,1/2/2018 10:52:00 PM,2,1,0,,N,ANGLE,CLEAR,DUSK,MCCRORY CREEK RD & JONESBORO DR,NASHVILLE,TN,HERMIT,36.14882,-86.64836,12,MOTOR VEHICLE IN TRANSPORT,142,37214,9413,21,5,4,206681,-9645651.3133,4321118.1436
20180005043,1/2/2018 10:35:00 PM,2,0,0,,Y,ANGLE,CLEAR,DAYLIGHT,THOMPSON LN & GRANDVIEW AV,NASHVILLE,TN,MIDTOW,36.11103,-86.7468,12,MOTOR VEHICLE IN TRANSPORT,143,37211,8519,21,1,4,212318,-9656609.6039,4315909.7033
20180005092,1/2/2018 11:15:00 PM,2,1,0,,N,Front to Rear,CLEAR,DARK - LIGHTED,MURFREESBORO PKE & BROOKSBORO PL,ANTIOCH,TN,SOUTH,36.08423,-86.64745,12,MOTOR VEHICLE IN TRANSPORT,144,37013,8891,21,3,11,716886,-9645550.0125,4312217.4882
20180005109,1/2/2018 11:00:00 PM,2,1,0,,N,Front to Rear,CLEAR,DARK - LIGHTED,HARDING PL & TROUSDALE DR,NASHVILLE,TN,MIDTOW,36.08115,-86.75861,12,MOTOR VEHICLE IN TRANSPORT,145,37220,8601,21,3,11,909486,-9657924.2871,4311793.2397
20180005116,1/2/2018 9:09:00 PM,2,0,0,,Y,UNKNOWN,CLEAR,UNKNOWN,LEBANON PKE & ANDREW JACKSON PKWY,HERMITAGE,TN,HERMIT,36.21617,-86.59904,14,PARKED MOTOR VEHICLE,146,37076,9537,21,9,9,179604,-9640161.036,4330406.9435
20180005137,1/2/2018 11:24:00 PM,2,0,0,,N,Front to Rear,CLEAR,DUSK,MM 79 5 I 65,NASHVILLE,TN,MIDTOW,36.10782,-86.7688,12,MOTOR VEHICLE IN TRANSPORT,147,37204,70042,21,5,11,240957,-9659058.6327,4315467.3977
20180005146,1/2/2018 10:22:00 PM,1,0,0,Y,N,NOT COLLISION W/MOTOR VEHICLE-TRANSPORT,CLEAR,DAYLIGHT,HERMITAGE MARKETPLACE PVTDR & OLD HICKOR,HERMITAGE,TN,HERMIT,36.19349,-86.61697,39,WALL,148,37076,9507,21,1,0,807332,-9642156.9945,4327278.0637
20180005147,1/2/2018 6:00:00 AM,3,0,0,,Y,ANGLE,CLEAR,DARK - LIGHTED,ELM HILL PKE & PATIO DR,NASHVILLE,TN,HERMIT,36.14191,-86.64135,12,MOTOR VEHICLE IN TRANSPORT,149,37214,8945,21,3,4,197056,-9644870.9636,4320165.5793
20180005148,1/2/2018 11:23:00 PM,2,0,0,,N,Front to Rear,CLEAR,DARK - LIGHTED,MM 49 2 I 24,NASHVILLE,TN,CENTRA,36.16309,-86.76157,12,MOTOR VEHICLE IN TRANSPORT,150,37213,1002,21,3,11,642287,-9658253.7928,4323085.5717
20180005155,1/2/2018 11:31:00 PM,2,0,0,,Y,Front to Rear,CLEAR,DARK - LIGHTED,OLD HARDING PKE & HICKS RD,NASHVILLE,TN,WEST,36.0727,-86.92647,12,MOTOR VEHICLE IN TRANSPORT,151,37221,4901,21,3,11,596389,-9676610.3769,4310629.3964
20180005183,1/2/2018 11:40:00 PM,2,0,0,,N,Front to Rear,CLEAR,DARK - LIGHTED,MM 92 8 I 65,MADISON,TN,MADISO,36.27264,-86.7359,12,MOTOR VEHICLE IN TRANSPORT,152,37115,17062,21,3,11,151132,-9655396.2215,4338201.3563
20180005191,1/2/2018 11:40:00 PM,2,3,0,,N,ANGLE,CLEAR,DARK - LIGHTED,MCGAVOCK PKE & MURFREESBORO PKE,NASHVILLE,TN,SOUTH,36.11289,-86.68901,12,MOTOR VEHICLE IN TRANSPORT,153,37217,8835,21,3,4,240943,-9650176.4506,4316166.0008
20180005199,1/2/2018 11:47:00 PM,2,1,0,,Y,Front to Rear,CLEAR,DARK - LIGHTED,MM 79 7 I 65,NASHVILLE,TN,MIDTOW,36.10989,-86.77064,12,MOTOR VEHICLE IN TRANSPORT,154,37204,8504,21,3,11,909485,-9659263.4606,4315752.6208
20180005200,1/2/2018 6:00:00 AM,2,0,0,,N,SIDESWIPE - SAME DIRECTION,CLEAR,DARK - NOT LIGHTED,KELLOW ST & 14TH AVN,NASHVILLE,TN,NORTH,36.19015,-86.81091,14,PARKED MOTOR VEHICLE,155,37208,4493,21,2,5,197070,-9663746.2965,4326817.3616
20180005231,1/2/2018 11:21:00 PM,4,0,0,,Y,Front to Rear,CLEAR,DARK - LIGHTED,MM 210 5 I 40,NASHVILLE,TN,HERMIT,36.15205,-86.76716,12,MOTOR VEHICLE IN TRANSPORT,156,37210,8202,21,3,11,256426,-9658876.0688,4321563.4376
20180005273,1/3/2018 12:13:00 AM,2,0,0,,N,SIDESWIPE - SAME DIRECTION,CLEAR,DARK - LIGHTED,MM 210 7 I 40,NASHVILLE,TN,HERMIT,36.15345,-86.76378,12,MOTOR VEHICLE IN TRANSPORT,157,37210,8202,21,3,5,256500,-9658499.8089,4321756.45
20180005283,1/2/2018 11:21:00 PM,2,0,0,,N,Front to Rear,CLEAR,DARK - LIGHTED,NOLENSVILLE PKE & ALLIED DR,NASHVILLE,TN,MIDTOW,36.09689,-86.73805,12,MOTOR VEHICLE IN TRANSPORT,158,37211,8511,21,3,11,163667,-9655635.5584,4313961.4896
20180005294,1/3/2018 12:10:00 AM,2,0,0,,N,ANGLE,CLEAR,DARK - LIGHTED,WEDGEWOOD AV & 12TH AVS,NASHVILLE,TN,MIDTOW,36.13616,-86.78867,12,MOTOR VEHICLE IN TRANSPORT,159,37203,6913,21,3,4,240957,-9661270.551,4319372.9885
20180005302,1/3/2018 12:29:00 AM,2,0,0,,N,Front to Rear,CLEAR,DARK - LIGHTED,MM 210 5 I 40,NASHVILLE,TN,HERMIT,36.15205,-86.76716,12,MOTOR VEHICLE IN TRANSPORT,160,37210,8202,21,3,11,256426,-9658876.0688,4321563.4376
20180005304,1/3/2018 12:00:00 AM,3,0,0,,Y,SIDESWIPE - SAME DIRECTION,CLEAR,DARK - LIGHTED,SKYLINE MEMORIAL CT & DICKERSON PKE,MADISON,TN,MADISO,36.24389,-86.75658,12,MOTOR VEHICLE IN TRANSPORT,161,37115,2009,21,3,5,151132,-9657698.3086,4334232.362
20180005337,1/3/2018 12:35:00 AM,2,0,0,,Y,Front to Rear,CLEAR,DARK - LIGHTED,I40 E EXT RAMP & I 40,NASHVILLE,TN,HERMIT,36.15041,-86.77049,12,MOTOR VEHICLE IN TRANSPORT,162,37214,8955,21,3,11,256505,-9659246.7627,4321337.3418
20180005351,1/3/2018 12:05:00 AM,2,1,0,,N,Front to Rear,CLEAR,DARK - LIGHTED,TUSCULUM RD & NOLENSVILLE PKE,NASHVILLE,TN,SOUTH,36.05912,-86.71602,12,MOTOR VEHICLE IN TRANSPORT,163,37211,8715,21,3,11,240943,-9653183.19,4308759.2451
20180005395,1/3/2018 1:06:00 AM,1,0,0,Y,Y,NOT COLLISION W/MOTOR VEHICLE-TRANSPORT,CLEAR,DARK - LIGHTED,PHIPPS DR & JUDD DR,NASHVILLE,TN,NORTH,36.22188,-86.84488,40,MAIL BOX,164,37218,3109,21,3,0,256385,-9667527.8196,4331194.8247
20180005417,1/3/2018 1:14:00 AM,2,0,0,,N,Front to Rear,CLEAR,DARK - LIGHTED,GALLATIN PKES & E PALESTINE AV,MADISON,TN,MADISO,36.25002,-86.71898,12,MOTOR VEHICLE IN TRANSPORT,165,37115,1507,21,3,11,206676,-9653512.6957,4335078.4981
20180005484,1/2/2018 6:00:00 AM,2,0,0,,Y,SIDESWIPE - OPPOSITE DIRECTION,CLEAR,DARK - LIGHTED,BRICK CHURCH PKE & W TRINITY LN,NASHVILLE,TN,NORTH,36.207,-86.77786,14,PARKED MOTOR VEHICLE,166,37207,3003,21,3,6,197070,-9660067.1873,4329141.7625
20180005505,1/3/2018 1:49:00 AM,2,0,0,,Y,Front to Rear,CLEAR,DAYLIGHT,MM 54 8 I 24,NASHVILLE,TN,SOUTH,36.09635,-86.70845,12,MOTOR VEHICLE IN TRANSPORT,167,37211,8812,21,1,11,256379,-9652340.5015,4313887.0952
20180005520,1/3/2018 1:37:00 AM,2,0,0,,N,Front to Rear,CLEAR,DARK - NOT LIGHTED,OLD HICKORY BLVD & HEALTH PARK DR,BRENTWOOD,TN,MIDTOW,36.04091,-86.77415,12,MOTOR VEHICLE IN TRANSPORT,168,37027,8623,21,2,11,163667,-9659654.192,4306251.986
20180005616,1/3/2018 1:16:00 AM,2,0,0,,Y,Front to Rear,CLEAR,DARK - LIGHTED,MUSIC SQS & MUSIC SQE,NASHVILLE,TN,MIDTOW,36.14675,-86.79252,12,MOTOR VEHICLE IN TRANSPORT,169,37212,6729,21,3,11,256505,-9661699.1311,4320832.7791
20180005618,1/3/2018 3:15:00 AM,1,1,0,Y,N,NOT COLLISION W/MOTOR VEHICLE-TRANSPORT,CLEAR,DARK - NOT LIGHTED,MM 198 9 I 40,NASHVILLE,TN,WEST,36.10772,-86.92741,27;72,H-WAY TRAFFIC SIGNAL POST;EMBANKMENT ROCK/STONE/CONCRETE,170,37221,48062,21,2,0,596389,-9676715.0172,4315453.619
20180005640,1/3/2018 2:00:00 AM,2,0,0,,N,Front to Rear,CLEAR,DARK - LIGHTED,TAMPA DR & HARDING PL,NASHVILLE,TN,SOUTH,36.08267,-86.71049,12,MOTOR VEHICLE IN TRANSPORT,171,37211,8705,21,3,11,240943,-9652567.5932,4312002.607
20180005725,1/2/2018 6:00:00 AM,3,1,0,,N,ANGLE,CLEAR,DARK - LIGHTED,NOLENSVILLE PKE & OLD HICKORY BLVD,NASHVILLE,TN,SOUTH,36.04537,-86.71326,12,MOTOR VEHICLE IN TRANSPORT,172,37211,8717,21,3,4,256441,-9652875.9482,4306866.0112
20180005781,1/3/2018 1:17:00 AM,2,0,0,,N,ANGLE,CLEAR,DARK - NOT LIGHTED,CHARLOTTE AV & 17TH AVN,NASHVILLE,TN,MIDTOW,36.15881,-86.79816,12,MOTOR VEHICLE IN TRANSPORT,173,37203,5503,21,2,4,240987,-9662326.973,4322495.4436
20180005788,1/3/2018 3:20:00 AM,2,2,0,,N,SIDESWIPE - SAME DIRECTION,CLEAR,DARK - LIGHTED,OPRY MILLS DR & SHELBY BOTTOMS GRNWY,NASHVILLE,TN,HERMIT,36.20172,-86.69438,12,MOTOR VEHICLE IN TRANSPORT,174,37214,9209,21,3,5,161948,-9650774.2362,4328413.3504
20180005851,1/3/2018 3:44:00 AM,2,0,0,,Y,ANGLE,CLOUDY,DARK - NOT LIGHTED,OLD HICKORY BLVD & PLANTATION DR,OLD HICKORY,TN,HERMIT,36.20142,-86.62118,14,PARKED MOTOR VEHICLE,175,37138,9739,22,2,4,807332,-9642625.6495,4328371.9649
20180005945,1/3/2018 4:29:00 AM,2,1,0,,N,Front to Rear,CLEAR,DARK - LIGHTED,MM 215 0 I 40,NASHVILLE,TN,HERMIT,36.14429,-86.69523,12,MOTOR VEHICLE IN TRANSPORT,176,37214,91021,21,3,11,240967,-9650868.8578,4320493.66
20180006457,1/3/2018 7:33:00 AM,1,0,0,,N,NOT COLLISION W/MOTOR VEHICLE-TRANSPORT,CLEAR,DARK - NOT LIGHTED,MURFREESBORO PKE & HARDING PL,NASHVILLE,TN,HERMIT,36.10085,-86.66282,18,OTHER OBJECT (NOT FIXED),177,37217,8947,21,2,0,110096,-9647260.9931,4314507.0643
20180006534,1/3/2018 6:00:00 AM,1,0,0,Y,Y,NOT COLLISION W/MOTOR VEHICLE-TRANSPORT,CLEAR,DARK - NOT LIGHTED,GALLATIN PKE & LITTON AV,NASHVILLE,TN,EAST,36.20288,-86.7389,18;19,OTHER OBJECT (NOT FIXED);BUILDING,178,37216,1415,21,2,0,240981,-9655730.18,4328573.3762
20180006619,1/29/2019 1:00:00 AM,2,0,0,,N,Front to Rear,CLEAR,DARK - LIGHTED,HARDING PL & SIDCO DR,NASHVILLE,TN,MIDTOW,36.0821,-86.7617,12,MOTOR VEHICLE IN TRANSPORT,179,37220,8601,21,3,11,493312,-9658268.2644,4311924.0938
20180006843,1/3/2018 10:20:00 AM,1,0,0,,N,NOT COLLISION W/MOTOR VEHICLE-TRANSPORT,CLEAR,DARK - LIGHTED,MM 212 0 I 40,NASHVILLE,TN,HERMIT,36.14694,-86.74351,18,OTHER OBJECT (NOT FIXED),180,37210,90041,21,3,0,256444,-9656243.3628,4320858.9717
20180007073,1/3/2018 12:20:00 PM,2,1,0,,Y,Front to Rear,CLEAR,DAYLIGHT,MM 38 0 I 24,WHITES CREEK,TN,NORTH,36.30804,-86.82175,12,MOTOR VEHICLE IN TRANSPORT,181,37189,2212,21,1,11,226098,-9664952.9998,4343090.4045
20180007090,1/3/2018 12:50:00 PM,2,0,0,,N,SIDESWIPE - SAME DIRECTION,CLOUDY,DAYLIGHT,MM 62 0 I 24,ANTIOCH,TN,SOUTH,36.02036,-86.62696,12,MOTOR VEHICLE IN TRANSPORT,182,37013,87040,22,1,5,225805,-9643269.0762,4303423.2384
20180007141,1/3/2018 12:30:00 PM,2,0,0,,N,ANGLE,CLEAR,DAYLIGHT,DONELSON PKE & DONELSON PKE N ENT RAMP,NASHVILLE,TN,HERMIT,36.13374,-86.66372,12,MOTOR VEHICLE IN TRANSPORT,183,37214,8953,21,1,4,474557,-9647361.1807,4319039.4285
20180007148,1/3/2018 1:15:00 PM,2,0,0,,N,Front to Rear,CLEAR,DAYLIGHT,ELLINGTON PKWYS & ELLINGTON PKWYN,NASHVILLE,TN,EAST,36.18592,-86.75896,12,MOTOR VEHICLE IN TRANSPORT,184,37206,1995,21,1,11,714648,-9657963.249,4326233.9259
20180007236,1/3/2018 1:21:00 PM,2,0,0,,N,SIDESWIPE - SAME DIRECTION,CLOUDY,DAYLIGHT,PEBBLE CREEK DR & SPRINGMORE CT,ANTIOCH,TN,SOUTH,36.07102,-86.64722,12;14,MOTOR VEHICLE IN TRANSPORT;PARKED MOTOR VEHICLE,185,37013,8861,22,1,5,225805,-9645524.4091,4310398.02
20180007245,1/3/2018 2:30:00 PM,2,0,0,,N,,,,MM 209 0 I 40,NASHVILLE,TN,CENTRA,36.15778,-86.79067,,,186,37203,4104,,,,226576,-9661493.19,4322353.4315
20180007275,1/3/2018 1:50:00 PM,2,0,0,,N,Front to Rear,CLOUDY,DAYLIGHT,MM 37 4 I 24,WHITES CREEK,TN,NORTH,36.31261,-86.83031,12,MOTOR VEHICLE IN TRANSPORT,187,37189,33181,22,1,11,414668,-9665905.8946,4343721.723
20180007285,1/3/2018 1:00:00 PM,2,0,0,,N,Front to Rear,CLEAR,DAYLIGHT,LARGO DR & SHERMAN OAKS DR,NASHVILLE,TN,SOUTH,36.08299,-86.70741,12,MOTOR VEHICLE IN TRANSPORT,188,37211,8705,21,1,11,279227,-9652224.7292,4312046.6849
20180007291,1/3/2018 12:44:00 PM,2,0,0,,N,Front to Rear,CLEAR,DAYLIGHT,HICKORY HOLLOW PKWY & CROSSINGS PL,ANTIOCH,TN,SOUTH,36.04312,-86.65005,12,MOTOR VEHICLE IN TRANSPORT,189,37013,8863,21,1,11,591933,-9645839.4432,4306556.2408
20180007293,1/3/2018 2:20:00 PM,1,1,0,Y,N,NOT COLLISION W/MOTOR VEHICLE-TRANSPORT,CLEAR,DAYLIGHT,RIVERSIDE DR & MCGAVOCK PKE,NASHVILLE,TN,EAST,36.20555,-86.72466,30,UTILITY POLE,190,37216,1443,21,1,0,665896,-9654144.9904,4328941.7202
20180007294,1/3/2018 2:20:00 PM,1,1,0,,N,NOT COLLISION W/MOTOR VEHICLE-TRANSPORT,,DAYLIGHT,8TH AVS & DEMONBREUN ST,NASHVILLE,TN,CENTRA,36.15727,-86.78107,8,PEDESTRIAN,191,37203,4041,,1,0,405427,-9660424.5229,4322283.1156
20180007297,1/3/2018 2:24:00 PM,2,0,0,,N,ANGLE,CLOUDY,DAYLIGHT,BELCOURT AV & 19TH AVS,NASHVILLE,TN,MIDTOW,36.13669,-86.79836,14,PARKED MOTOR VEHICLE,192,37212,6611,22,1,4,562545,-9662349.2369,4319446.0423
20180007312,1/3/2018 2:25:00 PM,2,0,0,,N,Front to Rear,CLEAR,DAYLIGHT,LAFAYETTE ST & 1ST AVS,NASHVILLE,TN,SOUTH,36.14993,-86.76571,12,MOTOR VEHICLE IN TRANSPORT,193,37210,8149,21,1,11,191578,-9658714.6555,4321271.1683
20180007334,1/3/2018 2:34:00 PM,2,3,0,,N,Front to Rear,CLEAR,DAYLIGHT,CHARLOTTE AV & 19TH AVN,NASHVILLE,TN,MIDTOW,36.15759,-86.80143,12,MOTOR VEHICLE IN TRANSPORT,194,37203,5507,21,1,11,156307,-9662690.9877,4322327.2354
20180007339,1/3/2019 11:51:00 PM,2,1,0,,N,Front to Rear,CLEAR,DARK - LIGHTED,JAMES ROBERTSON PKWY & MAIN ST,NASHVILLE,TN,EAST,36.16936,-86.77463,12,MOTOR VEHICLE IN TRANSPORT,195,37206,1109,21,3,11,714641,-9659707.6254,4323950.14
20180007350,1/3/2018 2:12:00 PM,1,0,0,,N,NOT COLLISION W/MOTOR VEHICLE-TRANSPORT,CLEAR,DAYLIGHT,MM 75 0 I 65,BRENTWOOD,TN,MIDTOW,36.05767,-86.77391,18,OTHER OBJECT (NOT FIXED),196,37027,86040,21,1,0,226136,-9659627.4753,4308559.5794
20180007441,1/3/2018 3:01:00 PM,2,0,0,,N,Front to Rear,CLEAR,DAYLIGHT,WEST END AV & PARK DR,NASHVILLE,TN,MIDTOW,36.13967,-86.81874,55,Motor Vehicle-In-Motion Outside Trafficw,197,37212,5817,21,1,11,544482,-9664617.9281,4319856.8066
20180007458,1/3/2018 3:02:00 PM,2,0,0,,N,NOT COLLISION W/MOTOR VEHICLE-TRANSPORT,CLEAR,DAYLIGHT,UNA ANTIOCH PKE & ANTIOCH WOODS CT,ANTIOCH,TN,SOUTH,36.06057,-86.6664,50,DEER (ANIMAL),198,37013,8861,21,1,0,633367,-9647659.5169,4308958.9145
20180007486,1/3/2018 2:02:00 PM,2,0,0,,N,Front to Rear,CLOUDY,DAYLIGHT,COLERIDGE DR & BART DR,ANTIOCH,TN,SOUTH,36.05682,-86.6952,12,MOTOR VEHICLE IN TRANSPORT,199,37013,8713,22,1,11,225805,-9650865.5182,4308442.5357
20180007508,1/3/2018 3:30:00 PM,2,0,0,,N,ANGLE,CLEAR,DAYLIGHT,HICKORY HILLS BLVD & HICKORY HILLS CT,WHITES CREEK,TN,MADISO,36.28265,-86.79593,12,MOTOR VEHICLE IN TRANSPORT,200,37189,2105,21,1,4,420035,-9662078.7305,4339583.5995
20180007527,1/3/2018 3:30:00 PM,2,1,0,Y,Y,SIDESWIPE - OPPOSITE DIRECTION,CLEAR,DAYLIGHT,NESBITT LN & S SUMMERFIELD DR,MADISON,TN,MADISO,36.2722,-86.73284,12;30,MOTOR VEHICLE IN TRANSPORT;UTILITY POLE,201,37115,1769,21,1,6,693093,-9655055.5839,4338140.6024
20180007583,1/3/2018 3:10:00 PM,2,0,0,,N,Front to Rear,CLEAR,DAYLIGHT,HARDING PL & I24 E ENT RAMP,NASHVILLE,TN,SOUTH,36.08556,-86.70143,12,MOTOR VEHICLE IN TRANSPORT,202,37211,8707,21,1,11,223502,-9651559.0386,4312400.6916
20180007585,1/3/2018 12:43:00 AM,2,0,0,,N,Front to Rear,CLEAR,DARK - LIGHTED,7200 OLD HICKORY BLVD,WHITES CREEK,TN,NORTH,36.27497,-86.82227,14,PARKED MOTOR VEHICLE,203,37189,3227,21,3,11,633389,-9665010.8859,4338523.0814
20180007642,1/3/2018 3:47:00 PM,2,0,0,,N,SIDESWIPE - SAME DIRECTION,CLEAR,DAYLIGHT,MM 42 0 I 24,WHITES CREEK,TN,NORTH,36.25866,-86.78756,12,MOTOR VEHICLE IN TRANSPORT,204,37189,3226,21,1,5,206962,-9661146.9864,4336271.2073
20180007643,1/3/2018 4:00:00 PM,2,0,0,,N,Front to Rear,CLEAR,DAYLIGHT,MM 6 0 I 440,NASHVILLE,TN,MIDTOW,36.12142,-86.75696,12,MOTOR VEHICLE IN TRANSPORT,205,37211,81060,21,1,11,716886,-9657740.61,4317341.4644
20180007672,1/3/2018 4:09:00 PM,2,0,0,,Y,Front to Rear,CLEAR,DAYLIGHT,OLD HICKORY BLVDW & N GRAYCROFT AV,MADISON,TN,MADISO,36.26446,-86.73217,12,MOTOR VEHICLE IN TRANSPORT,206,37115,1777,21,1,11,572251,-9654980.9998,4337071.9425
20180007762,1/3/2018 5:00:00 PM,1,1,0,Y,N,NOT COLLISION W/MOTOR VEHICLE-TRANSPORT,CLEAR,DAYLIGHT,ELKINS AV & 46TH AVN,NASHVILLE,TN,WEST,36.14996,-86.84208,30,UTILITY POLE,207,37209,5203,21,1,0,226622,-9667216.125,4321275.3041
20180007789,1/3/2018 5:09:00 PM,2,0,0,,N,Front to Rear,CLEAR,DAYLIGHT,DONELSON PKE & LEBANON PKE,NASHVILLE,TN,HERMIT,36.16766,-86.66332,12,MOTOR VEHICLE IN TRANSPORT,208,37214,9401,21,1,11,134899,-9647316.6529,4323715.7207
20180007801,1/3/2018 4:51:00 PM,2,0,0,,N,Front to Rear,CLOUDY,DAYLIGHT,I65 N EXT RAMP & OLD HICKORY BLVDW,MADISON,TN,MADISO,36.26414,-86.73576,12,MOTOR VEHICLE IN TRANSPORT,209,37115,1777,22,1,11,224955,-9655380.6368,4337027.7624
20180007820,1/3/2018 4:30:00 PM,1,0,0,Y,Y,NOT COLLISION W/MOTOR VEHICLE-TRANSPORT,CLEAR,DAYLIGHT,GALLATIN PKES & GALLATIN PKE,MADISON,TN,MADISO,36.23881,-86.72386,43,OTHER FIXED OBJECTS,210,37115,1517,21,1,0,420035,-9654055.9348,4333531.2098
20180007864,1/3/2018 5:33:00 PM,2,0,0,,N,ANGLE,CLEAR,DAYLIGHT,ROBINSON RD & INDUSTRIAL DR,OLD HICKORY,TN,HERMIT,36.26334,-86.66203,12,MOTOR VEHICLE IN TRANSPORT,211,37138,9611,21,1,4,191578,-9647173.0507,4336917.3131
20180007906,1/3/2018 6:05:00 PM,2,0,0,,N,ANGLE,CLEAR,DAYLIGHT,19TH AVS & WEST END AV,NASHVILLE,TN,MIDTOW,36.15189,-86.79715,12,MOTOR VEHICLE IN TRANSPORT,212,37203,5709,21,1,4,226136,-9662214.5403,4321541.3793
20180007920,1/3/2018 5:40:00 PM,2,0,0,,Y,SIDESWIPE - SAME DIRECTION,CLEAR,DAYLIGHT,I40 E ENT RAMP & BROADWAY,NASHVILLE,TN,MIDTOW,36.15565,-86.78972,12,MOTOR VEHICLE IN TRANSPORT,213,37203,5701,21,1,5,562545,-9661387.4365,4322059.7621
20180007961,1/3/2018 5:30:00 PM,2,0,0,,N,ANGLE,CLEAR,DAYLIGHT,OLD HICKORY BLVD & I40 E EXT RAMP,HERMITAGE,TN,HERMIT,36.17804,-86.60513,12,MOTOR VEHICLE IN TRANSPORT,214,37076,9561,21,1,4,262757,-9640838.9717,4325147.1367
20180008028,1/3/2018 6:41:00 PM,2,1,0,,N,Front to Rear,CLEAR,DAYLIGHT,21ST AVS & W LINDEN AV,NASHVILLE,TN,MIDTOW,36.12772,-86.80347,12,MOTOR VEHICLE IN TRANSPORT,215,37212,6509,21,1,11,620072,-9662918.0795,4318209.7082
20180008051,1/3/2018 6:49:00 PM,2,0,0,,N,Front to Rear,CLEAR,DAYLIGHT,ANTIOCH PKE & HARDING PL,NASHVILLE,TN,SOUTH,36.08647,-86.69147,12,MOTOR VEHICLE IN TRANSPORT,216,37211,8847,21,1,11,225805,-9650450.2965,4312526.0431
20180008075,1/25/2018 10:01:00 AM,1,0,0,Y,N,NOT COLLISION W/MOTOR VEHICLE-TRANSPORT,CLEAR,DARK - LIGHTED,4500 NOLENSVILLE PKE,NASHVILLE,TN,SOUTH,36.07195,-86.72393,38,FENCE,217,37211,8701,21,3,0,660929,-9654063.7272,4310526.1027
20180008104,1/3/2018 6:49:00 PM,2,0,0,,N,ANGLE,CLEAR,DAYLIGHT,MOSSDALE DR & CLEARWATER DR,NASHVILLE,TN,HERMIT,36.0795,-86.62403,12,MOTOR VEHICLE IN TRANSPORT,218,37217,8963,21,1,4,191578,-9642942.9101,4311565.9705
20180008191,1/3/2018 7:30:00 PM,2,0,0,,N,ANGLE,CLEAR,DAYLIGHT,BOWLING AV & RICHLAND AV,NASHVILLE,TN,WEST,36.13589,-86.82571,12,MOTOR VEHICLE IN TRANSPORT,219,37205,5211,21,1,4,226622,-9665393.825,4319335.7726
20180008193,1/3/2018 7:00:00 PM,2,0,0,,N,,,,UNION ST & 6TH AVN,NASHVILLE,TN,CENTRA,36.16387,-86.78258,,,220,37219,4141,,,,224953,-9660592.6153,4323193.1219
20180008215,1/3/2018 7:38:00 PM,2,1,0,,N,Front to Rear,CLEAR,DAYLIGHT,I40 E EXT RAMP & I 40,NASHVILLE,TN,HERMIT,36.15492,-86.62719,12,MOTOR VEHICLE IN TRANSPORT,221,37214,8955,21,1,11,191578,-9643294.6797,4321959.1167
20180008242,1/3/2018 7:50:00 PM,2,1,0,Y,Y,ANGLE,CLEAR,DAYLIGHT,EWING DR & CLAYMILLE BLVD,NASHVILLE,TN,NORTH,36.23189,-86.8016,12,MOTOR VEHICLE IN TRANSPORT,222,37207,3023,21,1,4,179602,-9662709.912,4332576.1703
20180008264,1/3/2018 8:00:00 PM,2,0,0,,Y,SIDESWIPE - SAME DIRECTION,CLEAR,DAYLIGHT,DR D B TODD JR BLVD & JEFFERSON ST,NASHVILLE,TN,NORTH,36.16905,-86.80646,12,MOTOR VEHICLE IN TRANSPORT,223,37208,5325,21,1,5,717625,-9663250.9248,4323907.3926
20180008283,1/3/2018 7:24:00 PM,2,0,0,,N,ANGLE,CLEAR,DAYLIGHT,GEORGE L DAVIS BLVD & CHARLOTTE AV,NASHVILLE,TN,CENTRA,36.1612,-86.79268,12,MOTOR VEHICLE IN TRANSPORT,224,37203,4205,21,1,4,226673,-9661716.9422,4322824.9738
20180008322,1/3/2018 8:07:00 PM,1,0,0,Y,N,NOT COLLISION W/MOTOR VEHICLE-TRANSPORT,CLEAR,DAYLIGHT,OLD LEBANON DIRT RD & CHESNEY GLEN DR,HERMITAGE,TN,HERMIT,36.18895,-86.58679,40,MAIL BOX,225,37076,9513,21,1,0,134899,-9638797.3722,4326651.8447
20180008325,1/3/2018 8:20:00 PM,2,0,0,,Y,Front to Rear,CLEAR,DAYLIGHT,CRAIGHEAD ST & WESTWOOD DR,NASHVILLE,TN,MIDTOW,36.12637,-86.77625,12,MOTOR VEHICLE IN TRANSPORT,226,37204,6921,21,1,11,298874,-9659887.9629,4318023.6501
20180008347,1/3/2018 8:46:00 PM,2,0,0,,N,ANGLE,CLEAR,DAYLIGHT,UNION ST & 1ST AVN,NASHVILLE,TN,CENTRA,36.16699,-86.77716,12,MOTOR VEHICLE IN TRANSPORT,227,37201,4163,21,1,4,279116,-9659989.2637,4323623.3333
20180008362,1/3/2018 8:22:00 PM,2,0,0,,N,ANGLE,CLEAR,DAYLIGHT,HIGHWAY 100 & OLD HARDING PKE,NASHVILLE,TN,WEST,36.04446,-86.95623,12,MOTOR VEHICLE IN TRANSPORT,228,37221,4807,21,1,4,596389,-9679923.2449,4306740.7252
20180008392,1/3/2018 9:05:00 PM,2,0,0,,Y,Front to Rear,CLEAR,DAYLIGHT,HARDING PL & S PERIMETER PARK DR,NASHVILLE,TN,SOUTH,36.0868,-86.69542,12,MOTOR VEHICLE IN TRANSPORT,229,37211,8889,21,1,11,716886,-9650890.0085,4312571.5006
20180008414,1/3/2018 9:07:00 PM,3,0,0,,N,Front to Rear,CLEAR,DAYLIGHT,NEELYS BEND RD & SIOUX TER,MADISON,TN,MADISO,36.24743,-86.6816,12,MOTOR VEHICLE IN TRANSPORT,230,37115,1631,21,1,11,151132,-9649351.5731,4334720.9872
20180008432,1/3/2018 9:00:00 PM,2,0,0,,N,Front to Rear,CLEAR,DAYLIGHT,MURFREESBORO PKE & MT VIEW RD,ANTIOCH,TN,SOUTH,36.05777,-86.62107,12,MOTOR VEHICLE IN TRANSPORT,231,37013,8865,21,1,11,240943,-9642613.4044,4308573.3493
20180008454,1/3/2018 8:54:00 PM,2,0,0,,N,Front to Rear,CLEAR,DAYLIGHT,HILLSBORO PKE & ABBOTT MARTIN RD,NASHVILLE,TN,WEST,36.10679,-86.81329,12,MOTOR VEHICLE IN TRANSPORT,232,37215,6111,21,1,11,179606,-9664011.2369,4315325.478
20180008490,1/3/2018 6:00:00 AM,2,1,0,,N,Front to Rear,CLEAR,DAYLIGHT,ROSA L PARKS BLVD & I65 N ENT RAMP,NASHVILLE,TN,NORTH,36.1839,-86.79801,12,MOTOR VEHICLE IN TRANSPORT,233,37208,4353,21,1,11,197070,-9662310.2751,4325955.3223
20180008496,1/3/2018 9:33:00 PM,2,0,0,,N,ANGLE,CLEAR,DUSK,BROADMOOR DR & DICKERSON PKE,NASHVILLE,TN,EAST,36.22938,-86.75928,12,MOTOR VEHICLE IN TRANSPORT,234,37207,1809,21,5,4,240945,-9657998.8712,4332229.7823
20180008499,1/3/2018 9:33:00 PM,6,0,0,,Y,Front to Rear,CLEAR,DAYLIGHT,MM 6 5 I 440,NASHVILLE,TN,SOUTH,36.12373,-86.74743,12,MOTOR VEHICLE IN TRANSPORT,235,37210,81040,21,1,11,716886,-9656679.7352,4317659.8123
20180008542,1/3/2018 9:43:00 PM,2,0,0,,N,Front to Rear,CLEAR,DAYLIGHT,BELL RD & COLLINS PARK DR,ANTIOCH,TN,SOUTH,36.04671,-86.65703,12,MOTOR VEHICLE IN TRANSPORT,236,37013,8863,21,1,11,876597,-9646616.4533,4307050.5009
20180008565,1/3/2018 9:52:00 PM,2,0,0,,N,,,,I40 W EXT RAMP & I 40,NASHVILLE,TN,CENTRA,36.15401,-86.78756,,,237,37203,4119,,,,240977,-9661146.9864,4321833.6559
20180008575,1/3/2018 9:50:00 PM,2,0,0,,N,SIDESWIPE - SAME DIRECTION,CLEAR,DAYLIGHT,OLD HARDING PKE & BEECH BEND DR,NASHVILLE,TN,WEST,36.06268,-86.94239,12,MOTOR VEHICLE IN TRANSPORT,238,37221,4819,21,1,5,725756,-9678382.5832,4309249.4744
20180008596,1/3/2018 9:55:00 PM,2,0,0,,N,,,,MM 3 0 I 440,NASHVILLE,TN,MIDTOW,36.11989,-86.80251,,,239,37215,6424,,,,212318,-9662811.2128,4317130.6157
20180008602,1/3/2018 9:40:00 PM,2,0,0,,Y,SIDESWIPE - SAME DIRECTION,CLEAR,DAYLIGHT,MM 212 0 I 40,NASHVILLE,TN,HERMIT,36.14713,-86.74381,12,MOTOR VEHICLE IN TRANSPORT,240,37210,90041,21,1,5,240943,-9656276.7587,4320885.1643
20180008610,1/3/2018 6:00:00 AM,3,0,0,,N,Front to Rear,CLEAR,DAYLIGHT,ROSA L PARKS BLVD & DOMINICAN DR,NASHVILLE,TN,NORTH,36.18741,-86.79845,12,MOTOR VEHICLE IN TRANSPORT,241,37208,4403,21,1,11,197070,-9662359.2556,4326439.4351
20180008622,1/3/2018 9:48:00 PM,2,1,0,,N,Front to Rear,CLEAR,DUSK,25TH AVN & WEST END AV,NASHVILLE,TN,MIDTOW,36.14684,-86.80863,12,MOTOR VEHICLE IN TRANSPORT,242,37203,5615,21,5,11,134869,-9663492.4881,4320845.1861
20180008695,1/3/2018 10:34:00 PM,2,0,0,,N,SIDESWIPE - SAME DIRECTION,CLEAR,DAYLIGHT,CHARLOTTE AV & 4TH AVN,NASHVILLE,TN,CENTRA,36.16598,-86.78163,12,MOTOR VEHICLE IN TRANSPORT,243,37201,4161,21,1,5,279116,-9660486.8618,4323484.0643
20180008700,1/3/2018 10:35:00 PM,3,2,0,,N,HEAD-ON,CLOUDY,DAYLIGHT,BELL RD & COUCHVILLE PKE,NASHVILLE,TN,HERMIT,36.11299,-86.63067,12,MOTOR VEHICLE IN TRANSPORT,244,37214,8989,22,1,2,240967,-9643682.0715,4316179.7804
20180008705,1/3/2018 10:40:00 PM,2,2,0,,N,Front to Rear,CLEAR,DUSK,MAIN ST & N 8TH ST,NASHVILLE,TN,EAST,36.17546,-86.75855,12,MOTOR VEHICLE IN TRANSPORT,245,37206,1119,21,5,11,197435,-9657917.608,4324791.3335
20180008724,1/3/2018 10:15:00 PM,2,0,0,,N,Front to Rear,CLEAR,DAYLIGHT,RECOVERY RD & HARDING PL,NASHVILLE,TN,SOUTH,36.0804,-86.71793,12,MOTOR VEHICLE IN TRANSPORT,246,37211,8705,21,1,11,240943,-9653395.8102,4311689.9349
20180008734,1/3/2018 11:19:00 PM,2,0,0,,N,Front to Rear,CLEAR,DARK - LIGHTED,ANTIOCH PKE & CANDY LN,NASHVILLE,TN,SOUTH,36.08918,-86.6936,12,MOTOR VEHICLE IN TRANSPORT,247,37211,8845,21,3,11,716886,-9650687.407,4312899.3511
20180008782,1/3/2018 11:01:00 PM,2,0,0,,N,Front to Rear,CLEAR,DARK - LIGHTED,MM 53 3 I 24,NASHVILLE,TN,SOUTH,36.11448,-86.72456,12,MOTOR VEHICLE IN TRANSPORT,248,37210,88141,21,3,11,256379,-9654133.8585,4316385.0986
20180008786,1/3/2018 11:03:00 PM,2,0,0,,N,Front to Rear,CLEAR,DARK - LIGHTED,MM 90 9 I 65,MADISON,TN,MADISO,36.24642,-86.74449,12,MOTOR VEHICLE IN TRANSPORT,249,37115,20044,21,3,11,240961,-9656352.4559,4334581.5749
20180008794,1/3/2018 6:00:00 AM,2,1,0,,N,Front to Rear,CLEAR,DARK - LIGHTED,W TRINITY LN & LUCAS LN,NASHVILLE,TN,EAST,36.20608,-86.7711,12,MOTOR VEHICLE IN TRANSPORT,250,37207,1863,21,3,11,212344,-9659314.6676,4329014.8387
20180008804,1/3/2018 9:45:00 PM,2,0,0,,N,,,,GARFIELD ST & ROSA L PARKS BLVD,NASHVILLE,TN,NORTH,36.18045,-86.79669,,,251,37208,4343,,,,772946,-9662163.3333,4325479.506
20180008826,1/3/2018 11:16:00 PM,2,0,0,,N,Front to Rear,CLEAR,DARK - LIGHTED,GRANNY WHITE PKE & BILTMORE DR,NASHVILLE,TN,MIDTOW,36.09207,-86.80197,12,MOTOR VEHICLE IN TRANSPORT,252,37204,7023,21,3,11,298874,-9662751.1003,4313297.4686
20180008834,1/3/2018 11:12:00 PM,2,0,0,,N,Front to Rear,CLEAR,DAYLIGHT,I65 N ENT RAMP & I 65,NASHVILLE,TN,EAST,36.24656,-86.74404,12,MOTOR VEHICLE IN TRANSPORT,253,37207,1829,21,1,11,151132,-9656302.3622,4334600.8993
20180008839,1/3/2018 11:21:00 PM,2,1,0,,N,Front to Rear,CLEAR,DUSK,MM 49 5 I 24,NASHVILLE,TN,CENTRA,36.15905,-86.76,12,MOTOR VEHICLE IN TRANSPORT,254,37210,4008,21,5,11,240966,-9658079.0212,4322528.534
20180008840,1/3/2018 10:55:00 PM,2,0,0,,N,Front to Rear,CLEAR,DAYLIGHT,CANE RIDGE RD & BELL RD,ANTIOCH,TN,SOUTH,36.04453,-86.66154,12,MOTOR VEHICLE IN TRANSPORT,255,37013,8721,21,1,11,876597,-9647118.5042,4306750.3626
20180008849,1/3/2018 11:23:00 PM,2,1,0,,N,SIDESWIPE - OPPOSITE DIRECTION,CLEAR,DARK - LIGHTED,STEWARTS FERRY PKE & I40 E EXT RAMP,NASHVILLE,TN,HERMIT,36.15501,-86.62711,12,MOTOR VEHICLE IN TRANSPORT,256,37214,8955,21,3,6,256386,-9643285.7741,4321971.525
20180008852,1/3/2018 10:55:00 PM,2,0,0,,N,Front to Rear,CLEAR,DAYLIGHT,MM 53 9 I 24,NASHVILLE,TN,SOUTH,36.1074,-86.72004,12,MOTOR VEHICLE IN TRANSPORT,257,37211,88122,21,1,11,240943,-9653630.6944,4315409.5273
20180008858,1/3/2018 11:16:00 PM,2,0,0,,N,Front to Rear,CLEAR,DAYLIGHT,I65 N ENT RAMP & I 65,NASHVILLE,TN,EAST,36.24691,-86.74364,12,MOTOR VEHICLE IN TRANSPORT,258,37207,1829,21,1,11,151132,-9656257.8344,4334649.2104
20180008869,1/3/2018 11:30:00 PM,2,0,0,,N,Front to Rear,CLEAR,DARK - LIGHTED,BERKLEY DR & GALLATIN PKES,MADISON,TN,MADISO,36.24668,-86.72117,12,MOTOR VEHICLE IN TRANSPORT,259,37115,1505,21,3,11,240989,-9653756.4854,4334617.4631
20180008884,1/3/2018 11:10:00 PM,2,0,0,,Y,SIDESWIPE - OPPOSITE DIRECTION,CLOUDY,DARK - LIGHTED,SKYLINE MEMORIAL CT & DICKERSON PKE,MADISON,TN,MADISO,36.24389,-86.75658,12,MOTOR VEHICLE IN TRANSPORT,260,37115,2009,22,3,6,109550,-9657698.3086,4334232.362
20180008897,1/3/2018 9:38:00 PM,2,0,0,,N,Front to Rear,CLEAR,DUSK,MM 205 3 I 40,NASHVILLE,TN,WEST,36.15432,-86.83386,12,MOTOR VEHICLE IN TRANSPORT,261,37209,45045,21,5,11,110059,-9666301.0788,4321876.3952
20180008907,1/3/2018 11:22:00 PM,2,0,0,,N,,,,OLD HICKORY BLVD & HERMITAGE MARKETPLACE,HERMITAGE,TN,HERMIT,36.19368,-86.61783,,,262,37076,9531,,,,345098,-9642252.7292,4327304.2718
20180008923,1/3/2018 11:20:00 PM,2,0,0,,N,Front to Rear,CLEAR,DARK - LIGHTED,SHELBY AV & S 6TH ST,NASHVILLE,TN,EAST,36.16862,-86.75956,12,MOTOR VEHICLE IN TRANSPORT,263,37206,1043,21,3,11,197047,-9658030.0406,4323848.0981
20180008924,1/3/2018 11:36:00 PM,1,0,0,,N,,,,MM 210 0 I 40,NASHVILLE,TN,MIDTOW,36.14836,-86.77707,,,264,37203,8002,,,,206681,-9659979.2449,4321054.7286
20180008925,1/3/2018 11:33:00 PM,1,0,0,,N,NOT COLLISION W/MOTOR VEHICLE-TRANSPORT,CLEAR,DARK - NOT LIGHTED,TWIN HILLS DR & PAULA DR,MADISON,TN,MADISO,36.29932,-86.68933,50,DEER (ANIMAL),265,37115,1721,21,2,0,226827,-9650212.0728,4341885.8906
20180008936,1/3/2018 6:00:00 AM,2,0,0,,N,Front to Rear,CLEAR,DARK - NOT LIGHTED,OLD HICKORY BLVD & SIMPKINS RD,WHITES CREEK,TN,NORTH,36.28349,-86.8668,12,MOTOR VEHICLE IN TRANSPORT,266,37189,3305,21,2,11,197070,-9669967.9428,4339699.6
20180008937,1/3/2018 11:49:00 PM,1,0,0,,N,NOT COLLISION W/MOTOR VEHICLE-TRANSPORT,CLEAR,DARK - NOT LIGHTED,BRICK CHURCH PKE & CHESAPEAKE DR,NASHVILLE,TN,MADISO,36.2464,-86.77904,1;34;47;63,DITCH;FIRE HYDRANT;Ran Off Road-Right,267,37207,2037,21,2,0,151132,-9660198.5443,4334578.8143
20180008947,1/3/2018 11:50:00 PM,2,0,0,,N,SIDESWIPE - SAME DIRECTION,CLEAR,DARK - LIGHTED,I40 E ENT RAMP & I 40,NASHVILLE,TN,WEST,36.14872,-86.77516,12,MOTOR VEHICLE IN TRANSPORT,268,37205,4903,21,3,5,134869,-9659766.6247,4321104.3577
20180008954,1/3/2018 11:45:00 PM,2,0,0,,N,Front to Rear,CLEAR,DARK - LIGHTED,I40 E ENT RAMP & I 40,NASHVILLE,TN,WEST,36.15526,-86.76001,12,MOTOR VEHICLE IN TRANSPORT,269,37205,4903,21,3,11,240977,-9658080.1344,4322005.9926
20180008967,1/3/2018 11:40:00 PM,2,0,0,,N,ANGLE,CLEAR,DARK - NOT LIGHTED,TUSCULUM RD & NOLENSVILLE PKE,NASHVILLE,TN,SOUTH,36.05907,-86.71622,12,MOTOR VEHICLE IN TRANSPORT,270,37211,8715,21,2,4,212327,-9653205.4539,4308752.36
20180009022,1/3/2018 11:20:00 PM,2,0,0,,N,Front to Rear,CLEAR,DARK - LIGHTED,LEBANON PKE & BRILEY PKWY N ENT RAMP,NASHVILLE,TN,HERMIT,36.16842,-86.688,12,MOTOR VEHICLE IN TRANSPORT,271,37214,9121,21,3,11,161948,-9650064.0179,4323820.5193
20180009039,1/4/2018 12:19:00 AM,7,0,0,,N,Front to Rear,CLEAR,DARK - LIGHTED,HILLSBORO PKE & TYNE BLVD,NASHVILLE,TN,MIDTOW,36.07887,-86.83693,12,MOTOR VEHICLE IN TRANSPORT,272,37215,6311,21,3,11,163667,-9666642.8297,4311479.1963
20180009041,1/4/2018 12:19:00 AM,2,1,0,Y,N,Front to Rear,CLEAR,Dark-Unknown Lighting,PERCY WARNER BLVD & HIGHLAND PARK DR,NASHVILLE,TN,WEST,36.08331,-86.88905,12;38,MOTOR VEHICLE IN TRANSPORT;FENCE,273,37205,4911,21,7,11,110059,-9672444.8015,4312090.7629
20180009044,1/4/2018 12:21:00 AM,2,1,0,,N,Front to Rear,CLEAR,DARK - NOT LIGHTED,I40 W EXT RAMP & I 40,NASHVILLE,TN,CENTRA,36.11375,-86.91981,12,MOTOR VEHICLE IN TRANSPORT,274,37203,4119,21,2,11,596389,-9675868.989,4316284.506
20180009054,1/4/2018 12:21:00 AM,1,1,0,,N,NOT COLLISION W/MOTOR VEHICLE-TRANSPORT,CLEAR,DARK - NOT LIGHTED,OLD HICKORY BLVD & BULL RUN RD,NASHVILLE,TN,NORTH,36.23068,-86.91022,1,,275,37218,3237,21,2,0,256380,-9674801.4351,4332409.185
20180009056,1/4/2018 12:18:00 AM,2,0,0,,N,Front to Rear,CLEAR,DARK - NOT LIGHTED,I40 W EXT RAMP & I 40,NASHVILLE,TN,CENTRA,36.11375,-86.91981,12,MOTOR VEHICLE IN TRANSPORT,276,37203,4119,21,2,11,596389,-9675868.989,4316284.506
20180009060,1/3/2018 11:50:00 PM,1,0,0,,N,NOT COLLISION W/MOTOR VEHICLE-TRANSPORT,CLEAR,DARK - LIGHTED,SIDCO DR & POWELL AV,NASHVILLE,TN,MIDTOW,36.0935,-86.75928,24,GUARDRAIL FACE,277,37204,8531,21,3,0,298874,-9657998.8712,4313494.4665
20180009064,1/3/2018 6:00:00 AM,2,1,0,,N,ANGLE,CLEAR,DARK - LIGHTED,RICHARDSON AV & DICKERSON PKE,NASHVILLE,TN,EAST,36.19175,-86.77273,12,MOTOR VEHICLE IN TRANSPORT,278,37207,1911,21,3,4,212344,-9659496.1183,4327038.0548
20180009070,1/4/2018 12:25:00 AM,2,0,0,,N,Front to Rear,CLEAR,DARK - LIGHTED,MM 53 5 I 24,NASHVILLE,TN,SOUTH,36.11235,-86.72345,12,MOTOR VEHICLE IN TRANSPORT,279,37210,88141,21,3,11,240943,-9654010.2938,4316091.5912
20180009081,1/4/2019 3:17:00 PM,2,0,0,,N,Front to Rear,RAIN,DAYLIGHT,MM 87 7 I 65,NASHVILLE,TN,EAST,36.21209,-86.77577,12,MOTOR VEHICLE IN TRANSPORT,280,37207,1804,2,1,11,676834,-9659834.5296,4329844.0094
20180009095,1/4/2018 12:44:00 AM,1,1,0,,Y,NOT COLLISION W/MOTOR VEHICLE-TRANSPORT,CLEAR,DUSK,S 5TH ST & SYLVAN ST,NASHVILLE,TN,EAST,36.16632,-86.76151,8,PEDESTRIAN,281,37206,1013,21,5,0,240966,-9658247.1137,4323530.9467
20180009109,1/3/2018 6:00:00 AM,2,0,0,,Y,Front to Rear,CLEAR,DARK - LIGHTED,MM 218 0 I 40,NASHVILLE,TN,HERMIT,36.14092,-86.66183,12,MOTOR VEHICLE IN TRANSPORT,282,37217,89020,21,3,11,197056,-9647150.7868,4320029.1117
20180009110,1/4/2018 12:47:00 AM,2,0,0,,N,Front to Rear,CLEAR,DARK - LIGHTED,MM 213 0 I 40,NASHVILLE,TN,HERMIT,36.14073,-86.73228,12,MOTOR VEHICLE IN TRANSPORT,283,37210,8219,21,3,11,206681,-9654993.2449,4320002.9212
20180009171,1/4/2018 1:18:00 AM,1,0,1,,N,NOT COLLISION W/MOTOR VEHICLE-TRANSPORT,CLEAR,DARK - LIGHTED,DICKERSON PKE & E TRINITY LN,NASHVILLE,TN,EAST,36.20658,-86.76835,8,PEDESTRIAN,284,37207,1861,21,3,0,345098,-9659008.539,4329083.8189
20180009191,1/4/2018 1:12:00 AM,2,0,0,,N,,,,CHARLOTTE PKE & OCEOLA AV,NASHVILLE,TN,WEST,36.14916,-86.8625,,,285,37209,5025,,,,716875,-9669489.269,4321165.0158
20180009213,1/4/2018 12:30:00 AM,2,0,0,,N,ANGLE,CLEAR,DARK - LIGHTED,MM 212 0 I 40,NASHVILLE,TN,HERMIT,36.14746,-86.74429,12,MOTOR VEHICLE IN TRANSPORT,286,37210,90041,21,3,4,206681,-9656330.192,4320930.6569
20180009229,1/4/2018 12:04:00 AM,2,0,0,,N,SIDESWIPE - SAME DIRECTION,CLEAR,DARK - LIGHTED,MM 79 7 I 65,NASHVILLE,TN,MIDTOW,36.11032,-86.77053,12,MOTOR VEHICLE IN TRANSPORT,287,37204,8504,21,3,5,298874,-9659251.2155,4315811.8709
20180009259,1/4/2018 1:49:00 AM,2,0,0,,N,SIDESWIPE - SAME DIRECTION,CLEAR,DARK - LIGHTED,0 CHARLOTTE AV,NASHVILLE,TN,MIDTOW,36.15742,-86.80224,14,PARKED MOTOR VEHICLE,288,37209,5341,21,3,5,256422,-9662781.1565,4322303.7967
20180009266,1/4/2018 1:51:00 AM,2,0,0,,N,ANGLE,CLEAR,DARK - LIGHTED,4TH AVS & I40 W EXT RAMP,NASHVILLE,TN,CENTRA,36.1509,-86.77064,12,MOTOR VEHICLE IN TRANSPORT,289,37203,4007,21,3,4,2840559,-9659263.4606,4321404.8943
20180009287,1/2/2018 6:00:00 AM,1,0,0,Y,Y,NOT COLLISION W/MOTOR VEHICLE-TRANSPORT,UNKNOWN,UNKNOWN,BROOKSTONE CT & HICKORY WOODS DR,ANTIOCH,TN,SOUTH,36.02716,-86.58297,7,,290,37013,8967,99,9,0,206683,-9638372.1318,4304359.19
20180009363,1/4/2018 2:20:00 AM,1,2,0,Y,N,NOT COLLISION W/MOTOR VEHICLE-TRANSPORT,CLEAR,DARK - LIGHTED,FOSTER AV & MURFREESBORO PKE,NASHVILLE,TN,SOUTH,36.13879,-86.74092,30,UTILITY POLE,291,37210,8113,21,3,0,240943,-9655955.0453,4319735.5055
20180009414,1/3/2018 6:00:00 AM,2,0,0,,N,ANGLE,CLEAR,DARK - LIGHTED,CLARKSVILLE PKE & W HAMILTON AV,NASHVILLE,TN,NORTH,36.20741,-86.83985,12,MOTOR VEHICLE IN TRANSPORT,292,37218,3103,21,3,4,197070,-9666967.8826,4329198.3269
20180009427,1/4/2018 2:38:00 AM,2,1,0,,N,Front to Rear,CLEAR,Dark-Unknown Lighting,BELL RD & ARBOR COMMON,ANTIOCH,TN,SOUTH,36.04485,-86.66837,12,MOTOR VEHICLE IN TRANSPORT,293,37013,8753,21,7,11,240970,-9647878.8163,4306794.4191
20180009486,1/4/2018 3:05:00 AM,1,0,0,Y,Y,NOT COLLISION W/MOTOR VEHICLE-TRANSPORT,CLEAR,DARK - NOT LIGHTED,XAVIER DR & HAWAIIAN VIEW,ANTIOCH,TN,SOUTH,36.07509,-86.67454,19;40,BUILDING;MAIL BOX,294,37013,8899,21,2,0,179598,-9648565.6575,4310958.5654
20180009503,1/4/2018 2:07:00 AM,1,0,0,,Y,NOT COLLISION W/MOTOR VEHICLE-TRANSPORT,CLEAR,DARK - LIGHTED,ASH ST & 5TH AVS,NASHVILLE,TN,CENTRA,36.15181,-86.77295,27,H-WAY TRAFFIC SIGNAL POST,295,37203,4007,21,3,0,714641,-9659520.6086,4321530.3501
20180009620,1/4/2018 3:50:00 AM,1,0,0,,N,NOT COLLISION W/MOTOR VEHICLE-TRANSPORT,CLEAR,DARK - NOT LIGHTED,BRUNSWICK DR & LORRAINE AV,NASHVILLE,TN,EAST,36.21598,-86.76255,34;63,DITCH;Ran Off Road-Right,296,37207,1823,21,2,0,197058,-9658362.8859,4330380.7278
20180009742,1/4/2018 4:35:00 AM,1,0,0,,N,NOT COLLISION W/MOTOR VEHICLE-TRANSPORT,CLEAR,DARK - LIGHTED,I24 W ENT RAMP & I 24,NASHVILLE,TN,EAST,36.17023,-86.76688,34,DITCH,297,37206,1009,21,3,0,109535,-9658844.8993,4324070.1095
20180010080,1/4/2018 6:52:00 AM,1,0,0,Y,N,NOT COLLISION W/MOTOR VEHICLE-TRANSPORT,CLEAR,DARK - LIGHTED,WEST END AV & BROADWAY,NASHVILLE,TN,MIDTOW,36.15416,-86.79319,43,OTHER FIXED OBJECTS,298,37203,5703,21,3,0,197050,-9661773.7151,4321854.3362
20180010100,1/4/2018 7:02:00 AM,1,1,0,,N,NOT COLLISION W/MOTOR VEHICLE-TRANSPORT,CLEAR,DARK - LIGHTED,MM 211 0 I 40,NASHVILLE,TN,HERMIT,36.15424,-86.7593,1,,299,37210,82020,21,3,0,191569,-9658001.0976,4321865.3657
20180010613,1/4/2018 10:37:00 AM,1,1,0,,N,NOT COLLISION W/MOTOR VEHICLE-TRANSPORT,CLEAR,DARK - NOT LIGHTED,I40 E ENT RAMP & I 40,NASHVILLE,TN,WEST,36.11153,-86.92155,34,DITCH,300,37205,4903,21,2,0,212312,-9676062.685,4315978.5999
20180010645,1/4/2018 11:00:00 AM,2,0,0,,Y,Front to Rear,CLEAR,DARK - NOT LIGHTED,MM 43 4 I 24,NASHVILLE,TN,MADISO,36.24009,-86.78616,12,MOTOR VEHICLE IN TRANSPORT,301,37207,2014,21,2,11,192379,-9660991.1391,4333707.8738
20180010734,1/4/2018 11:47:00 AM,5,0,0,,N,Front to Rear,CLEAR,DARK - LIGHTED,MM 211 8 I 40,NASHVILLE,TN,HERMIT,36.14896,-86.74631,12,MOTOR VEHICLE IN TRANSPORT,302,37210,90022,21,3,11,191569,-9656555.0574,4321137.4439
20180010743,1/4/2018 11:30:00 AM,2,0,0,,Y,SIDESWIPE - SAME DIRECTION,CLEAR,DARK - LIGHTED,CATSPAW DR & CATSPAW PL,ANTIOCH,TN,SOUTH,36.00891,-86.62921,12;14,MOTOR VEHICLE IN TRANSPORT;PARKED MOTOR VEHICLE,303,37013,8765,21,3,5,110090,-9643519.545,4301847.4436
20180010762,1/4/2018 12:00:00 PM,2,0,0,,N,Front to Rear,CLEAR,DAWN,MM 212 9 I 40,NASHVILLE,TN,HERMIT,36.1412,-86.73148,12,MOTOR VEHICLE IN TRANSPORT,304,37210,82061,21,4,11,256493,-9654904.1893,4320067.7085
20180010796,1/4/2018 12:15:00 PM,3,0,0,,N,Front to Rear,CLEAR,DAWN,MM 55 4 I 24,NASHVILLE,TN,SOUTH,36.09007,-86.70334,12,MOTOR VEHICLE IN TRANSPORT,305,37211,8812,21,4,11,223502,-9651771.6589,4313021.9532
20180010800,1/4/2018 12:22:00 PM,3,2,0,,N,Front to Rear,CLEAR,DAWN,MM 210 6 I 40,NASHVILLE,TN,HERMIT,36.15303,-86.76534,12,MOTOR VEHICLE IN TRANSPORT,306,37210,8202,21,4,11,332216,-9658673.4673,4321698.5459
20180010831,1/4/2018 12:55:00 PM,2,0,0,,N,Front to Rear,CLEAR,DAYLIGHT,MM 81 1 I 65,NASHVILLE,TN,MIDTOW,36.13097,-86.77365,12,MOTOR VEHICLE IN TRANSPORT,307,37204,80040,21,1,11,594473,-9659598.5323,4318657.639
20180010836,1/4/2018 12:51:00 PM,2,0,0,,Y,ANGLE,CLEAR,DAYLIGHT,HAYWOOD LN & HOLLIS HILL DR,NASHVILLE,TN,SOUTH,36.06844,-86.71357,12,MOTOR VEHICLE IN TRANSPORT,308,37211,8711,21,1,4,225805,-9652910.4573,4310042.7015
20180010837,1/4/2018 12:50:00 PM,2,0,0,,N,Front to Rear,CLEAR,DAYLIGHT,MM 212 2 I 40,NASHVILLE,TN,HERMIT,36.14516,-86.74034,12,MOTOR VEHICLE IN TRANSPORT,309,37210,90041,21,1,11,262749,-9655890.48,4320613.5912
20180010849,1/4/2018 1:10:00 PM,2,3,0,,N,Front to Rear,CLOUDY,DAYLIGHT,MM 38 5 I 24,WHITES CREEK,TN,NORTH,36.30447,-86.8142,12,MOTOR VEHICLE IN TRANSPORT,310,37189,33181,22,1,11,414668,-9664112.5376,4342597.2558
20180010853,1/4/2018 12:55:00 PM,2,1,0,,N,Front to Rear,CLEAR,DAYLIGHT,ANTIOCH PKE & HARDING PL,NASHVILLE,TN,SOUTH,36.08705,-86.69192,12,MOTOR VEHICLE IN TRANSPORT,311,37211,8847,21,1,11,429188,-9650500.3903,4312605.9382
20180010857,1/4/2018 1:11:00 PM,2,0,0,,N,Front to Rear,CLEAR,DAYLIGHT,SMITH SPRINGS RD & BELL RD,NASHVILLE,TN,HERMIT,36.09059,-86.62754,12,MOTOR VEHICLE IN TRANSPORT,312,37217,8935,21,1,11,191578,-9643333.6415,4313093.5865
20180010877,1/4/2018 1:20:00 PM,2,0,0,,N,Front to Rear,CLEAR,DAYLIGHT,I65 N EXT RAMP & HARDING PL,NASHVILLE,TN,MIDTOW,36.0821,-86.7617,12,MOTOR VEHICLE IN TRANSPORT,313,37220,8601,21,1,11,544482,-9658268.2644,4311924.0938
20180010894,1/4/2018 1:30:00 PM,2,0,0,,N,Front to Rear,CLEAR,DAWN,MM 210 7 I 40,NASHVILLE,TN,HERMIT,36.15313,-86.76513,12,MOTOR VEHICLE IN TRANSPORT,314,37210,8202,21,4,11,332216,-9658650.0902,4321712.3326
20180010947,1/4/2018 6:00:00 AM,2,0,0,,Y,Front to Rear,CLEAR,DAYLIGHT,MAIN ST & INTERSTATE DR,NASHVILLE,TN,CENTRA,36.17118,-86.76889,12,MOTOR VEHICLE IN TRANSPORT,315,37213,1107,21,1,11,226576,-9659068.6515,4324201.1122
20180011064,1/4/2018 2:30:00 PM,2,0,0,,N,SIDESWIPE - SAME DIRECTION,CLEAR,DAYLIGHT,ROSA L PARKS BLVD & I65 S ENT RAMP,NASHVILLE,TN,NORTH,36.18476,-86.79817,12,MOTOR VEHICLE IN TRANSPORT,316,37208,4403,21,1,5,279229,-9662328.0862,4326073.9348
20180011069,1/4/2018 2:36:00 PM,1,0,0,Y,Y,NOT COLLISION W/MOTOR VEHICLE-TRANSPORT,CLEAR,DAYLIGHT,MURFREESBORO PKE & POLK AV,NASHVILLE,TN,SOUTH,36.14222,-86.74261,30,UTILITY POLE,317,37210,8117,21,1,0,755026,-9656143.1753,4320208.312
20180011089,1/4/2018 2:47:00 PM,3,0,0,,N,Front to Rear,CLEAR,DAYLIGHT,MM 209 6 I 40,NASHVILLE,TN,CENTRA,36.14969,-86.78332,12,MOTOR VEHICLE IN TRANSPORT,318,37203,40040,21,1,11,538214,-9660674.9917,4321238.0817
20180011142,1/4/2018 3:05:00 PM,2,0,0,,N,Front to Rear,CLEAR,DAYLIGHT,MM 56 0 I 24,NASHVILLE,TN,SOUTH,36.08274,-86.69788,12,MOTOR VEHICLE IN TRANSPORT,319,37211,8708,21,1,11,225805,-9651163.8545,4312012.249
20180011166,1/4/2018 3:10:00 PM,2,0,0,,N,ANGLE,CLEAR,DAYLIGHT,NOLENSVILLE PKE & I440 E EXT RAMP,NASHVILLE,TN,SOUTH,36.12174,-86.75058,12,MOTOR VEHICLE IN TRANSPORT,320,37210,8321,21,1,4,226136,-9657030.3916,4317385.564
20180011173,1/4/2018 3:22:00 PM,2,1,0,,N,Front to Rear,CLEAR,DAYLIGHT,BRILEY PKWY & GLASTONBURY RD,NASHVILLE,TN,HERMIT,36.1372,-86.69967,12,MOTOR VEHICLE IN TRANSPORT,321,37217,88943,21,1,11,109534,-9651363.1163,4319516.3398
20180011176,1/3/2018 7:00:00 PM,2,1,0,,Y,Front to Rear,CLEAR,DAYLIGHT,MURFREESBORO PKE & OLD HICKORY BLVD,ANTIOCH,TN,SOUTH,36.03921,-86.60278,12,MOTOR VEHICLE IN TRANSPORT,322,37013,8867,21,1,11,267478,-9640577.3709,4306017.9497
20180011234,1/4/2018 3:45:00 PM,3,2,0,,N,Front to Rear,CLEAR,DAYLIGHT,MM 87 7 I 65,NASHVILLE,TN,EAST,36.21131,-86.77587,12,MOTOR VEHICLE IN TRANSPORT,323,37207,1804,21,1,11,179602,-9659845.6615,4329736.3929
20180011269,1/4/2018 3:54:00 PM,2,0,0,,N,ANGLE,CLEAR,DAYLIGHT,OLD HICKORY BLVDW & N GRAYCROFT AV,MADISON,TN,MADISO,36.26445,-86.73228,12,MOTOR VEHICLE IN TRANSPORT,324,37115,1777,21,1,4,224955,-9654993.2449,4337070.5618
20180011277,1/4/2018 4:00:00 PM,2,0,0,,Y,Front to Rear,CLEAR,DAYLIGHT,NOLENSVILLE PKE & ROSEDALE AV,NASHVILLE,TN,SOUTH,36.12492,-86.75215,12,MOTOR VEHICLE IN TRANSPORT,325,37210,8101,21,1,11,481573,-9657205.1632,4317823.8134
20180011281,1/4/2018 3:47:00 PM,2,0,0,,N,SIDESWIPE - SAME DIRECTION,CLEAR,DAYLIGHT,8TH AVS & MCGAVOCK ST,NASHVILLE,TN,CENTRA,36.15753,-86.78123,12,MOTOR VEHICLE IN TRANSPORT,326,37203,4075,21,1,5,538214,-9660442.334,4322318.9629
20180011348,1/4/2018 4:25:00 PM,2,0,0,,N,ANGLE,CLEAR,DAYLIGHT,POWELL AV & OLD POWELL AV,NASHVILLE,TN,MIDTOW,36.11035,-86.76689,12,MOTOR VEHICLE IN TRANSPORT,327,37204,8525,21,1,4,226136,-9658846.0125,4315816.0047
20180011360,1/4/2018 4:23:00 PM,2,0,0,,Y,SIDESWIPE - SAME DIRECTION,CLEAR,DAYLIGHT,E TRINITY LN & EDWIN ST,NASHVILLE,TN,EAST,36.20483,-86.75351,12,MOTOR VEHICLE IN TRANSPORT,328,37207,1835,21,1,5,665896,-9657356.5577,4328842.3903
20180011365,1/4/2018 4:30:00 PM,2,1,0,,N,Front to Rear,,,HERMAN ST & 12TH AVN,NASHVILLE,TN,NORTH,36.16708,-86.79653,13,MOTOR VEHICLE IN TRANSPORT-OTHER ROADWAY,329,37203,5421,,,11,224464,-9662145.5222,4323635.7435
20180011419,1/4/2018 4:37:00 PM,2,1,0,,N,Front to Rear,CLOUDY,,I40 W ENT RAMP & ROBERTSON AV,NASHVILLE,TN,WEST,36.15394,-86.85809,12,MOTOR VEHICLE IN TRANSPORT,330,37209,4698,22,,11,226600,-9668998.3501,4321824.0052
20180011422,1/4/2018 4:51:00 PM,2,0,0,,N,Front to Rear,CLEAR,DAYLIGHT,BRILEY PKWY & GLASTONBURY RD,NASHVILLE,TN,HERMIT,36.1372,-86.69967,12,MOTOR VEHICLE IN TRANSPORT,331,37217,88943,21,1,11,191578,-9651363.1163,4319516.3398
20180011481,1/4/2018 5:05:00 PM,2,0,0,,N,OTHER,CLEAR,DAYLIGHT,MONROE ST & 10TH AVN,NASHVILLE,TN,NORTH,36.17445,-86.79573,12,MOTOR VEHICLE IN TRANSPORT,332,37208,4301,21,1,98,279229,-9662056.4666,4324652.0494
20180011483,1/4/2018 5:19:00 PM,2,0,0,,Y,Front to Rear,CLEAR,DAYLIGHT,E PALESTINE AV & GALLATIN PKES,MADISON,TN,MADISO,36.24939,-86.71941,12,MOTOR VEHICLE IN TRANSPORT,333,37115,1507,21,1,11,375570,-9653560.5631,4334991.5349
20180011519,1/4/2018 5:35:00 PM,2,4,0,,N,ANGLE,CLEAR,DAYLIGHT,MURFREESBORO PKE & AIR FREIGHT BLVD,NASHVILLE,TN,SOUTH,36.11015,-86.6825,12,MOTOR VEHICLE IN TRANSPORT,334,37217,8841,21,1,4,191578,-9649451.7607,4315788.4464
20180011521,1/4/2018 5:35:00 PM,2,1,0,,Y,SIDESWIPE - SAME DIRECTION,CLEAR,DAYLIGHT,NOLENSVILLE PKE & ASH GROVE DR,NASHVILLE,TN,SOUTH,36.04956,-86.71382,12,MOTOR VEHICLE IN TRANSPORT,335,37211,8717,21,1,5,298878,-9652938.2871,4307442.8962
20180011534,1/4/2018 5:45:00 PM,2,0,0,,N,SIDESWIPE - SAME DIRECTION,CLEAR,DAYLIGHT,I40 E ENT RAMP & I 40,NASHVILLE,TN,WEST,36.1633,-86.81925,12,MOTOR VEHICLE IN TRANSPORT,336,37205,4903,21,1,5,717625,-9664674.7011,4323114.5274
20180011546,1/4/2018 5:23:00 PM,2,0,0,,Y,ANGLE,CLEAR,DAYLIGHT,NOLENSVILLE RD & PETTUS RD,ANTIOCH,TN,SOUTH,35.99548,-86.68787,12;13,MOTOR VEHICLE IN TRANSPORT;MOTOR VEHICLE IN TRANSPORT-OTHER ROADWAY,337,37013,8767,21,1,4,225805,-9650049.5464,4299999.4448
20180011564,1/4/2018 5:56:00 PM,2,0,0,,Y,ANGLE,CLEAR,DAYLIGHT,MURFREESBORO PKE & FRANKLIN LIMESTONE RD,NASHVILLE,TN,SOUTH,36.09423,-86.65322,12,MOTOR VEHICLE IN TRANSPORT,338,37217,8853,21,1,4,716886,-9646192.326,4313595.0332
20180011588,1/4/2018 6:00:00 PM,2,0,0,,N,REAR-TO-REAR,CLEAR,DAYLIGHT,GRAND AV & 20TH AVS,NASHVILLE,TN,MIDTOW,36.14735,-86.7985,12,MOTOR VEHICLE IN TRANSPORT,339,37212,6709,21,1,3,226136,-9662364.8216,4320915.4927
20180011611,1/4/2018 6:17:00 PM,2,1,0,,Y,Front to Rear,CLEAR,DAYLIGHT,CLARKSVILLE PKE & W HAMILTON RD,NASHVILLE,TN,NORTH,36.20908,-86.83942,12,MOTOR VEHICLE IN TRANSPORT,340,37218,3141,21,1,11,414668,-9666920.0152,4329428.7263
20180011679,1/4/2018 6:30:00 PM,2,0,0,,N,SIDESWIPE - SAME DIRECTION,CLEAR,DAYLIGHT,BRILEY PKWYS & BRILEY PKWY S ENT RAMP,NASHVILLE,TN,SOUTH,36.21391,-86.69201,12;14,MOTOR VEHICLE IN TRANSPORT;PARKED MOTOR VEHICLE,341,37211,88962,21,1,5,799013,-9650510.409,4330095.1185
20180011695,1/4/2018 6:52:00 PM,2,0,0,,N,ANGLE,CLEAR,DAYLIGHT,21ST AVS & BERNARD AV,NASHVILLE,TN,MIDTOW,36.13149,-86.80148,12,MOTOR VEHICLE IN TRANSPORT,342,37212,5901,21,1,4,594473,-9662696.5537,4318729.3097
20180011698,1/4/2018 6:00:00 PM,2,0,0,,N,ANGLE,CLEAR,DAYLIGHT,CHARLOTTE AV & 6TH AVN,NASHVILLE,TN,CENTRA,36.16448,-86.78511,12,MOTOR VEHICLE IN TRANSPORT,343,37219,4157,21,1,4,224953,-9660874.2536,4323277.2324
20180011714,1/4/2018 8:15:00 PM,1,1,0,,N,NOT COLLISION W/MOTOR VEHICLE-TRANSPORT,CLEAR,DAYLIGHT,I40 E EXT RAMP & I 40,NASHVILLE,TN,HERMIT,36.15603,-86.82445,1;64,Ran Off Road-Left,344,37214,8955,21,1,0,226622,-9665253.5624,4322112.1533
20180011737,1/4/2018 6:07:00 PM,2,0,0,,N,ANGLE,CLEAR,DAYLIGHT,LEBANON PKE & TYLER DR,HERMITAGE,TN,HERMIT,36.20139,-86.61762,12,MOTOR VEHICLE IN TRANSPORT,345,37076,9719,21,1,4,134899,-9642229.3521,4328367.8263
20180011738,1/4/2018 6:20:00 PM,2,0,0,,Y,Front to Rear,CLEAR,DAYLIGHT,DR D B TODD JR BLVD & UNDERWOOD ST,NASHVILLE,TN,NORTH,36.173,-86.8081,12,MOTOR VEHICLE IN TRANSPORT,346,37208,4475,21,1,11,226098,-9663433.4887,4324452.0902
20180011856,1/4/2018 7:54:00 PM,2,0,0,,Y,ANGLE,CLEAR,DAYLIGHT,HICKORY ST & BRAWNER AV,MADISON,TN,MADISO,36.26016,-86.71184,12,MOTOR VEHICLE IN TRANSPORT,347,37115,1605,21,1,4,493304,-9652717.8745,4336478.2882
20180011864,1/4/2018 7:03:00 PM,2,1,0,,N,Front to Rear,CLEAR,DAYLIGHT,I65 N EXT RAMP & I 65,NASHVILLE,TN,EAST,36.03995,-86.78132,12,MOTOR VEHICLE IN TRANSPORT,348,37207,1863,21,1,11,226136,-9660452.3528,4306119.8237
20180011899,1/4/2018 8:00:00 PM,2,0,0,,N,ANGLE,CLEAR,DAYLIGHT,HILLSBORO PKE & GREEN HILLS VILLAGE DR,NASHVILLE,TN,MIDTOW,36.10702,-86.81315,12,MOTOR VEHICLE IN TRANSPORT,349,37215,6411,21,1,4,481573,-9663995.6522,4315357.1686
20180011911,1/4/2018 8:23:00 PM,2,0,0,,N,SIDESWIPE - SAME DIRECTION,CLEAR,DAYLIGHT,MM 212 0 I 40,NASHVILLE,TN,HERMIT,36.14729,-86.74405,12,MOTOR VEHICLE IN TRANSPORT,350,37210,90041,21,1,5,137982,-9656303.4753,4320907.2213
20180011944,1/4/2018 8:47:00 PM,2,0,0,,N,Front to Rear,CLEAR,DAYLIGHT,GALLATIN PKEN & RIVERGATE STATION PVTDR,MADISON,TN,MADISO,36.29492,-86.70094,12,MOTOR VEHICLE IN TRANSPORT,351,37115,1721,21,1,11,151132,-9651504.4921,4341278.1595
20180011955,1/4/2018 8:49:00 PM,2,0,0,,N,SIDESWIPE - SAME DIRECTION,CLEAR,DAYLIGHT,4TH AVS & I40 W EXT RAMP,NASHVILLE,TN,CENTRA,36.15086,-86.77061,12,MOTOR VEHICLE IN TRANSPORT,352,37203,4007,21,1,5,716886,-9659260.121,4321399.3798
20180011969,1/4/2018 8:56:00 PM,2,0,0,,N,Front to Rear,CLEAR,DAYLIGHT,MM 94 4 I 65,MADISON,TN,MADISO,36.29202,-86.72071,12,MOTOR VEHICLE IN TRANSPORT,353,37115,17042,21,1,11,151132,-9653705.2784,4340877.6282
20180011975,1/4/2018 8:58:00 PM,1,0,0,,N,NOT COLLISION W/MOTOR VEHICLE-TRANSPORT,CLOUDY,DAYLIGHT,803 LINCOYA BAY DR,NASHVILLE,TN,HERMIT,36.14375,-86.62186,18;38,OTHER OBJECT (NOT FIXED);FENCE,354,37214,8957,22,1,0,240967,-9642701.3468,4320419.2207
20180011984,1/4/2018 9:02:00 PM,2,0,0,,N,HEAD-ON,CLEAR,DAYLIGHT,WEDGEWOOD AV & 12TH AVS,NASHVILLE,TN,MIDTOW,36.13616,-86.78867,12,MOTOR VEHICLE IN TRANSPORT,355,37203,6913,21,1,2,212318,-9661270.551,4319372.9885
20180011985,1/4/2018 9:00:00 PM,2,0,0,,N,Front to Rear,CLEAR,DAYLIGHT,LEBANON PKE & DOWNEYMEADE DR,NASHVILLE,TN,HERMIT,36.18202,-86.6413,12,MOTOR VEHICLE IN TRANSPORT,356,37214,9403,21,1,11,134899,-9644865.3977,4325696.0343
20180011992,1/4/2018 8:45:00 PM,2,0,0,,Y,Front to Rear,CLEAR,DAYLIGHT,MM 209 0 I 40,NASHVILLE,TN,CENTRA,36.15813,-86.79119,12,MOTOR VEHICLE IN TRANSPORT,357,37203,4104,21,1,11,240943,-9661551.0761,4322401.6878
20180012000,1/4/2018 9:08:00 PM,2,0,0,,N,ANGLE,CLEAR,DAYLIGHT,LAFAYETTE ST & ASH ST,NASHVILLE,TN,CENTRA,36.15212,-86.77223,12,MOTOR VEHICLE IN TRANSPORT,358,37210,4005,21,1,4,134871,-9659440.4586,4321573.0882
20180012013,1/4/2018 9:10:00 PM,3,0,0,,Y,Front to Rear,CLEAR,DAYLIGHT,MM 79 5 I 65,NASHVILLE,TN,MIDTOW,36.10675,-86.76807,12,MOTOR VEHICLE IN TRANSPORT,359,37204,70042,21,1,11,909486,-9658977.3695,4315319.9665
20180012071,1/4/2018 9:33:00 PM,2,0,0,,N,Front to Rear,CLOUDY,DAYLIGHT,MM 54 3 I 24,NASHVILLE,TN,SOUTH,36.10275,-86.71404,12,MOTOR VEHICLE IN TRANSPORT,360,37211,84020,22,1,11,240983,-9652962.7774,4314768.8397
20180012088,1/4/2018 9:43:00 PM,2,1,0,,Y,Front to Rear,CLEAR,DAYLIGHT,MM 6 4 I 440,NASHVILLE,TN,SOUTH,36.12384,-86.74656,12,MOTOR VEHICLE IN TRANSPORT,361,37210,83040,21,1,11,716886,-9656582.8873,4317674.972
20180012119,1/4/2018 9:20:00 PM,2,0,0,,Y,Front to Rear,CLEAR,DAYLIGHT,MM 79 6 I 65,NASHVILLE,TN,MIDTOW,36.10783,-86.76881,12,MOTOR VEHICLE IN TRANSPORT,362,37204,8504,21,1,11,909486,-9659059.7459,4315468.7756
20180012146,1/4/2018 10:04:00 PM,2,0,0,,N,Front to Rear,CLEAR,DAYLIGHT,MM 54 6 I 24,NASHVILLE,TN,SOUTH,36.09876,-86.71039,12,MOTOR VEHICLE IN TRANSPORT,363,37211,84021,21,1,11,240943,-9652556.4613,4314219.1187
20180012147,1/4/2018 10:00:00 PM,2,1,0,,N,Front to Rear,CLEAR,DAYLIGHT,OLD HICKORY BLVD & FRIST BLVD,HERMITAGE,TN,HERMIT,36.18043,-86.60625,12,MOTOR VEHICLE IN TRANSPORT,364,37076,9561,21,1,11,179604,-9640963.6495,4325476.7477
20180012159,1/4/2018 10:05:00 PM,3,0,0,,N,Front to Rear,CLEAR,DAYLIGHT,LEWIS RD & BRIARVILLE RD,MADISON,TN,MADISO,36.24461,-86.73627,12,MOTOR VEHICLE IN TRANSPORT,365,37115,1791,21,1,11,240961,-9655437.4097,4334331.7416
20180012163,1/4/2018 9:46:00 PM,3,0,0,,Y,SIDESWIPE - SAME DIRECTION,CLEAR,DAYLIGHT,MM 212 1 I 40,NASHVILLE,TN,HERMIT,36.14683,-86.74302,12,MOTOR VEHICLE IN TRANSPORT,366,37210,90041,21,1,5,256426,-9656188.8163,4320843.8075
20180012180,1/4/2018 9:15:00 PM,2,0,0,,N,,,,LEBANON PKE & OMOHUNDRO PL,NASHVILLE,TN,HERMIT,36.15447,-86.73959,,,367,37210,9011,,,,212311,-9655806.9904,4321897.0755
20180012212,1/4/2018 10:09:00 PM,2,0,0,,N,ANGLE,CLEAR,DAYLIGHT,DUE WEST AVE & ARGLE AV,MADISON,TN,MADISO,36.24763,-86.71568,12,MOTOR VEHICLE IN TRANSPORT,368,37115,1505,21,1,4,151132,-9653145.3414,4334748.5938
20180012250,1/4/2018 10:39:00 PM,2,0,0,,N,OTHER,CLEAR,DAYLIGHT,WOODLAND ST & N 14TH ST,NASHVILLE,TN,EAST,36.17715,-86.74577,12,MOTOR VEHICLE IN TRANSPORT,369,37206,1239,21,1,98,151130,-9656494.9449,4325024.397
20180012255,1/4/2018 10:39:00 PM,3,1,0,,N,Front to Rear,CLEAR,DAYLIGHT,MM 1 5 I 440,NASHVILLE,TN,WEST,36.15134,-86.82247,12,MOTOR VEHICLE IN TRANSPORT,370,37209,5232,21,1,11,256499,-9665033.1498,4321465.5541
20180012274,1/4/2018 10:10:00 PM,3,0,0,,N,Front to Rear,CLEAR,DAYLIGHT,MURFREESBORO PKE & PLUS PARK BLVD,NASHVILLE,TN,HERMIT,36.13402,-86.72256,12,MOTOR VEHICLE IN TRANSPORT,371,37217,8815,21,1,11,240943,-9653911.2195,4319078.0217
20180012275,1/4/2018 10:13:00 PM,2,0,0,,N,ANGLE,CLEAR,DAYLIGHT,HILLSBORO PKE & 21ST AVS,NASHVILLE,TN,MIDTOW,36.12531,-86.80561,12,MOTOR VEHICLE IN TRANSPORT,372,37212,6507,21,1,4,240987,-9663156.3032,4317877.5622
20180012287,1/4/2018 6:00:00 AM,2,0,0,,N,Front to Rear,CLEAR,DAYLIGHT,BRICK CHURCH PKE & FERN AV,NASHVILLE,TN,NORTH,36.19578,-86.77668,12,MOTOR VEHICLE IN TRANSPORT,373,37207,3003,21,1,11,197070,-9659935.8303,4327593.9456
20180012308,1/4/2018 11:00:00 PM,2,1,0,,N,Front to Rear,CLEAR,DARK - NOT LIGHTED,ELM HILL PKE & MCGAVOCK PKE,NASHVILLE,TN,HERMIT,36.1527,-86.68301,12,MOTOR VEHICLE IN TRANSPORT,374,37214,9115,21,2,11,212311,-9649508.5336,4321653.0501
20180012317,1/4/2018 10:58:00 PM,2,0,0,,Y,SIDESWIPE - SAME DIRECTION,CLEAR,DUSK,I440 E EXT RAMP & I 440,NASHVILLE,TN,WEST,36.1405,-86.82349,12,MOTOR VEHICLE IN TRANSPORT,375,37205,5249,21,5,5,887592,-9665146.6957,4319971.2169
20180012319,1/4/2018 10:55:00 PM,2,1,0,,N,ANGLE,CLEAR,DUSK,BLUE HOLE RD & BELL RD,ANTIOCH,TN,SOUTH,36.0464,-86.67403,12,MOTOR VEHICLE IN TRANSPORT,376,37013,8721,21,5,4,256388,-9648508.8846,4307007.8202
20180012335,1/4/2018 11:40:00 PM,2,0,0,,N,Front to Rear,CLEAR,DARK - LIGHTED,MURFREESBORO PKE & PHILFRE CT,NASHVILLE,TN,SOUTH,36.12821,-86.71306,12,MOTOR VEHICLE IN TRANSPORT,377,37211,8803,21,3,11,716886,-9652853.6843,4318277.2412
20180012350,1/4/2018 9:37:00 PM,1,1,0,,N,NOT COLLISION W/MOTOR VEHICLE-TRANSPORT,CLEAR,DAYLIGHT,I40 E EXT RAMP & I 40,NASHVILLE,TN,HERMIT,36.14361,-86.70034,1,,378,37214,8955,21,1,0,197054,-9651437.7004,4320399.9217
20180012361,1/4/2018 6:00:00 AM,2,0,0,,Y,Front to Rear,CLEAR,DARK - LIGHTED,BRICK CHURCH PKE & ARTIC AV,NASHVILLE,TN,NORTH,36.20373,-86.77714,12,MOTOR VEHICLE IN TRANSPORT,379,37207,3003,21,3,11,279117,-9659987.0373,4328690.6379
20180012363,1/4/2018 11:18:00 PM,2,0,0,,N,ANGLE,CLEAR,DARK - LIGHTED,JAMES ROBERTSON PKWY & GAY ST,NASHVILLE,TN,CENTRA,36.16824,-86.78213,12,MOTOR VEHICLE IN TRANSPORT,380,37219,4203,21,3,4,690942,-9660542.5216,4323795.6985
20180012376,1/4/2018 11:15:00 PM,2,0,0,,N,Front to Rear,CLEAR,DARK - LIGHTED,ROSA L PARKS BLVD & JAMES ROBERTSON PKWY,NASHVILLE,TN,CENTRA,36.16699,-86.78714,12,MOTOR VEHICLE IN TRANSPORT,381,37219,4203,21,3,11,714641,-9661100.2322,4323623.3333
20180012377,1/4/2018 11:20:00 PM,2,0,0,,N,Front to Rear,CLEAR,DARK - LIGHTED,MM 80 8 I 65,NASHVILLE,TN,MIDTOW,36.12614,-86.7727,12,MOTOR VEHICLE IN TRANSPORT,382,37204,80040,21,3,11,279228,-9659492.7788,4317991.9516
20180012409,1/4/2018 11:33:00 PM,2,1,0,,N,HEAD-ON,CLEAR,DARK - LIGHTED,RICHARDS RD & APOLLO DR,ANTIOCH,TN,SOUTH,36.06774,-86.66649,12;18;68,MOTOR VEHICLE IN TRANSPORT;OTHER OBJECT (NOT FIXED);Cross Center Line,383,37013,8897,21,3,2,876597,-9647669.5356,4309946.2993
20180012471,1/4/2018 11:54:00 PM,3,0,0,,N,Front to Rear,CLEAR,DARK - LIGHTED,EAST THOMPSON LN & EAST THOMPSON LN PVTD,NASHVILLE,TN,SOUTH,36.11053,-86.7268,12,MOTOR VEHICLE IN TRANSPORT,384,37211,8337,21,3,11,256384,-9654383.2141,4315840.8072
20180012488,1/4/2018 11:13:00 PM,2,0,0,,N,SIDESWIPE - SAME DIRECTION,CLEAR,DUSK,20TH AVN & HUBBS ALY,NASHVILLE,TN,MIDTOW,36.15406,-86.80132,12,MOTOR VEHICLE IN TRANSPORT,385,37203,5511,21,5,5,134869,-9662678.7426,4321840.5493
20180012495,1/4/2018 11:30:00 PM,2,0,0,,N,SIDESWIPE - SAME DIRECTION,CLEAR,DARK - LIGHTED,EAST THOMPSON LN & LAWNDALE DR,NASHVILLE,TN,SOUTH,36.12561,-86.71312,12,MOTOR VEHICLE IN TRANSPORT,386,37217,8879,21,3,5,716886,-9652860.3635,4317918.9077
20180012498,1/5/2018 12:00:00 AM,2,0,0,,N,,,,MM 4 0 I 440,NASHVILLE,TN,MIDTOW,36.11601,-86.78901,,,387,37204,7010,,,,212318,-9661308.3997,4316595.9328
20180012502,1/5/2018 12:10:00 AM,2,1,0,,Y,ANGLE,CLEAR,DARK - LIGHTED,GALLATIN AV & CAROLYN AV,NASHVILLE,TN,EAST,36.19701,-86.74206,12;99,MOTOR VEHICLE IN TRANSPORT;UNKNOWN MOST HARMFUL EVENT,388,37206,1401,21,3,4,240972,-9656081.9496,4327763.6152
20180012508,1/4/2018 11:50:00 PM,2,0,0,,N,Front to Rear,CLEAR,DARK - LIGHTED,MM 48 4 I 24,NASHVILLE,TN,EAST,36.17147,-86.76798,12,MOTOR VEHICLE IN TRANSPORT,389,37206,1102,21,3,11,192872,-9658967.3508,4324241.1028
20180012516,1/5/2018 12:03:00 AM,3,0,0,,N,Front to Rear,CLEAR,DARK - LIGHTED,I440 E EXT RAMP & I 440,NASHVILLE,TN,WEST,36.12264,-86.80692,12,MOTOR VEHICLE IN TRANSPORT,390,37205,5249,21,3,11,887592,-9663302.1317,4317509.595
20180012538,1/5/2018 12:19:00 AM,2,0,0,,N,ANGLE,CLEAR,DARK - LIGHTED,MM 79 7 I 65,NASHVILLE,TN,MIDTOW,36.10937,-86.77028,12,MOTOR VEHICLE IN TRANSPORT,391,37204,8504,21,3,4,279228,-9659223.3856,4315680.9698
20180012562,1/4/2018 11:11:00 PM,3,0,0,,N,Front to Rear,CLEAR,DUSK,HART LN & DICKERSON PKE,NASHVILLE,TN,EAST,36.22166,-86.76146,12,MOTOR VEHICLE IN TRANSPORT,392,37207,1887,21,5,11,240966,-9658241.5477,4331164.4674
20180012576,1/5/2018 12:33:00 AM,1,0,0,,N,NOT COLLISION W/MOTOR VEHICLE-TRANSPORT,CLEAR,DARK - LIGHTED,MM 90 4 I 65,MADISON,TN,MADISO,36.24153,-86.75077,18,OTHER OBJECT (NOT FIXED),393,37115,1702,21,3,0,151132,-9657051.5423,4333906.6242
20180012588,1/5/2018 12:35:00 AM,3,0,0,,N,Front to Rear,CLEAR,DARK - LIGHTED,MM 79 6 I 65,NASHVILLE,TN,MIDTOW,36.10875,-86.76944,12,MOTOR VEHICLE IN TRANSPORT,394,37204,8504,21,3,11,179606,-9659129.8772,4315595.5405
20180012609,1/4/2018 6:00:00 AM,2,0,0,,Y,ANGLE,CLEAR,DARK - NOT LIGHTED,TIMBER RIDGE CIR & PAYSON CT,NASHVILLE,TN,MIDTOW,36.03353,-86.71636,14,PARKED MOTOR VEHICLE,395,37211,8651,21,2,4,206675,-9653221.0386,4305236.0297
20180012615,1/5/2018 12:05:00 AM,2,0,0,,N,SIDESWIPE - OPPOSITE DIRECTION,CLEAR,DARK - NOT LIGHTED,OLD SPRINGFIELD PKE & LICKTON PKE,GOODLETTSVILLE,TN,MADISO,36.35247,-86.72942,12,MOTOR VEHICLE IN TRANSPORT,396,37072,2127,21,2,6,109536,-9654674.8712,4349229.7164
20180012621,1/5/2018 12:23:00 AM,2,2,0,Y,N,ANGLE,CLEAR,DARK - NOT LIGHTED,CHARLOTTE PK & I 40 E ENTRANCE RAMP,NASHVILLE,TN,WEST,36.13166,-86.89577,12;27,MOTOR VEHICLE IN TRANSPORT;H-WAY TRAFFIC SIGNAL POST,397,37205,5007,21,2,4,429193,-9673192.8685,4318752.7405
20180012648,1/5/2018 12:00:00 AM,2,1,0,,N,Front to Rear,CLEAR,DARK - LIGHTED,OLD HICKORY BLVD & HICKORY PLZ,NASHVILLE,TN,MIDTOW,36.04526,-86.71704,12,MOTOR VEHICLE IN TRANSPORT,398,37211,8651,21,3,11,240943,-9653296.7359,4306850.8667
20180012657,1/5/2018 12:23:00 AM,2,0,0,,N,,,,LEBANON PKE & MUNN RD,NASHVILLE,TN,HERMIT,36.16786,-86.65865,,,399,37214,9401,,,,206681,-9646796.7908,4323743.2992
20180012666,1/5/2018 1:05:00 AM,2,1,0,,Y,HEAD-ON,CLEAR,DARK - LIGHTED,HIGHWAY 70 S & HIGHWAY 70 S,NASHVILLE,TN,WEST,36.07709,-86.94919,12,MOTOR VEHICLE IN TRANSPORT,400,37221,4811,21,3,2,279112,-9679139.5557,4311234.0284
20180026815,1/9/2018 4:30:00 PM,2,0,0,,N,Front to Rear,FOG,DAYLIGHT,LONE OAK RD & GRANNY WHITE PKE,NASHVILLE,TN,MIDTOW,36.09467,-86.80126,12,MOTOR VEHICLE IN TRANSPORT,401,37215,6401,5,1,11,225773,-9662672.0634,4313655.6492
20180026825,1/9/2018 4:43:00 PM,2,0,0,,N,ANGLE,CLEAR,DAYLIGHT,E TRINITY LN & DICKERSON PKE,NASHVILLE,TN,EAST,36.20589,-86.76861,12,MOTOR VEHICLE IN TRANSPORT,402,37207,1861,21,1,4,665896,-9659037.482,4328988.6264
20180026841,1/9/2018 4:50:00 PM,2,0,0,,N,Front to Rear,CLOUDY,DAYLIGHT,I440 E EXT RAMP & I 440,NASHVILLE,TN,WEST,36.13663,-86.8221,12,MOTOR VEHICLE IN TRANSPORT,403,37205,5249,22,1,11,476330,-9664991.9616,4319437.772
20180026848,1/9/2018 4:51:00 PM,3,2,0,,N,Front to Rear,CLOUDY,DAYLIGHT,I40 E EXT RAMP & OLD HICKORY BLVD,HERMITAGE,TN,HERMIT,36.17779,-86.60501,12,MOTOR VEHICLE IN TRANSPORT,404,37076,9527,22,1,11,226207,-9640825.6133,4325112.6591
20180026886,1/9/2018 5:00:00 PM,2,0,0,,N,Front to Rear,CLOUDY,DAYLIGHT,CHARLOTTE PKE & HILLWOOD PRIVATE CV,NASHVILLE,TN,WEST,36.13397,-86.88992,12,MOTOR VEHICLE IN TRANSPORT,405,37205,5007,22,1,11,226622,-9672541.6495,4319071.1301
20180026896,1/9/2018 5:00:00 PM,2,0,0,,N,,,,MM 211 6 I 40,NASHVILLE,TN,HERMIT,36.15078,-86.74978,,,406,37210,82042,,,,727211,-9656941.336,4321388.3508
20180026958,1/9/2018 5:30:00 PM,2,0,0,,N,ANGLE,CLOUDY,DAYLIGHT,BRESSLYN RD & DAVIDSON RD,NASHVILLE,TN,WEST,36.11698,-86.87773,12,MOTOR VEHICLE IN TRANSPORT,407,37205,4917,22,1,4,405391,-9671184.6649,4316729.601
20180026964,1/9/2018 5:33:00 PM,2,0,0,,N,,,,MAGNOLIA BLVD & WEDGEWOOD AV,NASHVILLE,TN,MIDTOW,36.13652,-86.79523,,,408,37212,6619,,,,630627,-9662000.8069,4319422.6099
20180026977,1/9/2018 6:00:00 AM,1,0,0,Y,Y,NOT COLLISION W/MOTOR VEHICLE-TRANSPORT,FOG,DAYLIGHT,NASHBORO BLVD & NASHBORO BLVD PVTDR,NASHVILLE,TN,HERMIT,36.08866,-86.64385,42,TREE,409,37217,8937,5,1,0,191578,-9645149.2624,4312827.719
20180027038,1/9/2018 5:43:00 PM,1,1,0,,N,NOT COLLISION W/MOTOR VEHICLE-TRANSPORT,CLOUDY,DAYLIGHT,WEST END AV & ELLISTON PL,NASHVILLE,TN,MIDTOW,36.14741,-86.8075,18,OTHER OBJECT (NOT FIXED),410,37212,5717,22,1,0,226136,-9663366.697,4320923.7641
